store_id,dept_id,date,actual,model_forecast,baseline_forecast
CA_1,FOODS_1,2016-04-25,294,276.66133415794724,302
CA_1,FOODS_1,2016-04-26,259,264.4078737010901,237
CA_1,FOODS_1,2016-04-27,268,275.3985107715687,287
CA_1,FOODS_1,2016-04-28,328,307.39428050753065,297
CA_1,FOODS_1,2016-04-29,387,326.18334909425107,331
CA_1,FOODS_1,2016-04-30,455,360.59051730019667,419
CA_1,FOODS_1,2016-05-01,403,333.66708437537613,329
CA_1,FOODS_1,2016-05-02,262,294.9884352767194,294
CA_1,FOODS_1,2016-05-03,332,288.11891976502613,259
CA_1,FOODS_1,2016-05-04,272,293.7340161526436,268
CA_1,FOODS_1,2016-05-05,311,279.68351734992393,328
CA_1,FOODS_1,2016-05-06,424,351.6903212450812,387
CA_1,FOODS_1,2016-05-07,474,424.81927674607385,455
CA_1,FOODS_1,2016-05-08,320,328.2003616348719,403
CA_1,FOODS_1,2016-05-09,298,296.46398615180027,262
CA_1,FOODS_1,2016-05-10,326,296.38616387439595,332
CA_1,FOODS_1,2016-05-11,279,291.4627809990149,272
CA_1,FOODS_1,2016-05-12,256,301.9973324914527,311
CA_1,FOODS_1,2016-05-13,412,336.0925951917937,424
CA_1,FOODS_1,2016-05-14,435,381.39492878160786,474
CA_1,FOODS_1,2016-05-15,415,331.87158544244704,320
CA_1,FOODS_1,2016-05-16,277,303.9210993925099,298
CA_1,FOODS_1,2016-05-17,302,295.41808939650804,326
CA_1,FOODS_1,2016-05-18,397,298.27727552997914,279
CA_1,FOODS_1,2016-05-19,330,304.3608380167215,256
CA_1,FOODS_1,2016-05-20,310,360.5955384734912,412
CA_1,FOODS_1,2016-05-21,427,428.635900739302,435
CA_1,FOODS_1,2016-05-22,334,385.56674249339363,415
CA_1,FOODS_2,2016-04-25,458,465.45595663294324,529
CA_1,FOODS_2,2016-04-26,500,423.27943553693007,391
CA_1,FOODS_2,2016-04-27,412,400.4266575756637,423
CA_1,FOODS_2,2016-04-28,400,430.9729921789523,365
CA_1,FOODS_2,2016-04-29,463,524.0479687722958,489
CA_1,FOODS_2,2016-04-30,653,623.4972890634206,590
CA_1,FOODS_2,2016-05-01,720,639.0107232615874,734
CA_1,FOODS_2,2016-05-02,620,588.2001676128765,458
CA_1,FOODS_2,2016-05-03,525,504.8663380735548,500
CA_1,FOODS_2,2016-05-04,531,499.6107575638133,412
CA_1,FOODS_2,2016-05-05,450,427.01867367730074,400
CA_1,FOODS_2,2016-05-06,560,565.886499295435,463
CA_1,FOODS_2,2016-05-07,683,709.1038963042964,653
CA_1,FOODS_2,2016-05-08,539,652.3959994816303,720
CA_1,FOODS_2,2016-05-09,617,568.1696685458604,620
CA_1,FOODS_2,2016-05-10,627,504.7713224313151,525
CA_1,FOODS_2,2016-05-11,446,486.0438512053434,531
CA_1,FOODS_2,2016-05-12,457,452.4815125864351,450
CA_1,FOODS_2,2016-05-13,545,505.4970008173849,560
CA_1,FOODS_2,2016-05-14,611,587.83308675062,683
CA_1,FOODS_2,2016-05-15,781,630.4286111755637,539
CA_1,FOODS_2,2016-05-16,555,549.3587565759186,617
CA_1,FOODS_2,2016-05-17,476,457.1177764854001,627
CA_1,FOODS_2,2016-05-18,427,471.44370431046303,446
CA_1,FOODS_2,2016-05-19,411,433.6673648921415,457
CA_1,FOODS_2,2016-05-20,434,511.32398155015244,545
CA_1,FOODS_2,2016-05-21,627,605.846451526825,611
CA_1,FOODS_2,2016-05-22,719,734.9408801643115,781
CA_1,FOODS_3,2016-04-25,2141,1958.949531422862,2055
CA_1,FOODS_3,2016-04-26,1759,1854.0939186430357,1860
CA_1,FOODS_3,2016-04-27,1787,1763.1008451593682,1780
CA_1,FOODS_3,2016-04-28,1718,1837.2494693730305,1871
CA_1,FOODS_3,2016-04-29,2182,2154.999721601979,2140
CA_1,FOODS_3,2016-04-30,2842,2472.1171316212217,2646
CA_1,FOODS_3,2016-05-01,3131,2755.084112210785,2990
CA_1,FOODS_3,2016-05-02,2396,2189.549971221559,2141
CA_1,FOODS_3,2016-05-03,2140,1954.5563343226163,1759
CA_1,FOODS_3,2016-05-04,2037,1920.2181254682878,1787
CA_1,FOODS_3,2016-05-05,1974,1869.297697722595,1718
CA_1,FOODS_3,2016-05-06,2319,2237.9731811755673,2182
CA_1,FOODS_3,2016-05-07,2949,2831.6957927868566,2842
CA_1,FOODS_3,2016-05-08,2771,2684.5098834581195,3131
CA_1,FOODS_3,2016-05-09,2330,2130.3865868451103,2396
CA_1,FOODS_3,2016-05-10,1943,1995.6516172007364,2140
CA_1,FOODS_3,2016-05-11,1962,1817.9008212166575,2037
CA_1,FOODS_3,2016-05-12,1950,1825.8283192207125,1974
CA_1,FOODS_3,2016-05-13,2408,2170.337502564673,2319
CA_1,FOODS_3,2016-05-14,3000,2829.682422926113,2949
CA_1,FOODS_3,2016-05-15,3521,3003.1641664688887,2771
CA_1,FOODS_3,2016-05-16,2366,2138.667057635524,2330
CA_1,FOODS_3,2016-05-17,2016,2024.2766404805343,1943
CA_1,FOODS_3,2016-05-18,1992,1988.0410055455443,1962
CA_1,FOODS_3,2016-05-19,2113,1987.0131423970965,1950
CA_1,FOODS_3,2016-05-20,2249,2352.7210949147834,2408
CA_1,FOODS_3,2016-05-21,2729,2799.2912966763984,3000
CA_1,FOODS_3,2016-05-22,3274,3049.025742301025,3521
CA_1,HOBBIES_1,2016-04-25,546,492.55256766321435,517
CA_1,HOBBIES_1,2016-04-26,395,438.4273087370847,461
CA_1,HOBBIES_1,2016-04-27,418,414.94494435996654,333
CA_1,HOBBIES_1,2016-04-28,385,444.7636132268907,380
CA_1,HOBBIES_1,2016-04-29,550,590.6620002938581,471
CA_1,HOBBIES_1,2016-04-30,574,566.7782003529833,621
CA_1,HOBBIES_1,2016-05-01,625,602.585493100776,641
CA_1,HOBBIES_1,2016-05-02,478,459.9453655863395,546
CA_1,HOBBIES_1,2016-05-03,582,459.4419766858909,395
CA_1,HOBBIES_1,2016-05-04,522,430.0376949346757,418
CA_1,HOBBIES_1,2016-05-05,405,358.0322169112273,385
CA_1,HOBBIES_1,2016-05-06,529,547.9570891388792,550
CA_1,HOBBIES_1,2016-05-07,579,597.6819039922314,574
CA_1,HOBBIES_1,2016-05-08,451,527.9339129580674,625
CA_1,HOBBIES_1,2016-05-09,592,516.2636581350097,478
CA_1,HOBBIES_1,2016-05-10,334,430.49446067149864,582
CA_1,HOBBIES_1,2016-05-11,453,406.946596626763,522
CA_1,HOBBIES_1,2016-05-12,546,413.36176494205796,405
CA_1,HOBBIES_1,2016-05-13,546,455.994475602411,529
CA_1,HOBBIES_1,2016-05-14,732,633.3708085343774,579
CA_1,HOBBIES_1,2016-05-15,631,571.9864215571345,451
CA_1,HOBBIES_1,2016-05-16,389,510.9710384415015,592
CA_1,HOBBIES_1,2016-05-17,347,445.36478930520514,334
CA_1,HOBBIES_1,2016-05-18,353,417.3898293457301,453
CA_1,HOBBIES_1,2016-05-19,354,418.18289521926425,546
CA_1,HOBBIES_1,2016-05-20,494,488.7003700022888,546
CA_1,HOBBIES_1,2016-05-21,656,653.7911312261899,732
CA_1,HOBBIES_1,2016-05-22,588,597.9666790231952,631
CA_1,HOBBIES_2,2016-04-25,43,40.21957323257966,25
CA_1,HOBBIES_2,2016-04-26,31,43.09272357199477,34
CA_1,HOBBIES_2,2016-04-27,33,43.09272357199477,30
CA_1,HOBBIES_2,2016-04-28,47,43.09272357199477,30
CA_1,HOBBIES_2,2016-04-29,34,47.50467303024383,56
CA_1,HOBBIES_2,2016-04-30,62,46.298426783480096,49
CA_1,HOBBIES_2,2016-05-01,59,40.28943408745805,73
CA_1,HOBBIES_2,2016-05-02,51,42.51742209845524,43
CA_1,HOBBIES_2,2016-05-03,46,42.66678880586713,31
CA_1,HOBBIES_2,2016-05-04,43,45.87322073267043,33
CA_1,HOBBIES_2,2016-05-05,34,43.61110229355436,47
CA_1,HOBBIES_2,2016-05-06,41,47.07873826411619,34
CA_1,HOBBIES_2,2016-05-07,67,50.700112051427084,62
CA_1,HOBBIES_2,2016-05-08,62,44.55693774027817,59
CA_1,HOBBIES_2,2016-05-09,49,46.35899098514771,51
CA_1,HOBBIES_2,2016-05-10,55,46.5083576925596,46
CA_1,HOBBIES_2,2016-05-11,52,48.72105569705283,43
CA_1,HOBBIES_2,2016-05-12,50,48.295120930925194,34
CA_1,HOBBIES_2,2016-05-13,42,50.60347299334226,41
CA_1,HOBBIES_2,2016-05-14,74,57.29932906366642,67
CA_1,HOBBIES_2,2016-05-15,56,55.521055975206544,62
CA_1,HOBBIES_2,2016-05-16,28,51.646171272654186,49
CA_1,HOBBIES_2,2016-05-17,46,48.295120930925194,55
CA_1,HOBBIES_2,2016-05-18,28,47.36046047258709,52
CA_1,HOBBIES_2,2016-05-19,52,44.1540285457838,50
CA_1,HOBBIES_2,2016-05-20,45,45.7854808433572,42
CA_1,HOBBIES_2,2016-05-21,63,52.187351791343744,74
CA_1,HOBBIES_2,2016-05-22,58,47.354331045844596,56
CA_1,HOUSEHOLD_1,2016-04-25,780,700.9139564388859,718
CA_1,HOUSEHOLD_1,2016-04-26,583,626.8142973464011,621
CA_1,HOUSEHOLD_1,2016-04-27,615,624.9702343870301,665
CA_1,HOUSEHOLD_1,2016-04-28,552,629.8675696901447,580
CA_1,HOUSEHOLD_1,2016-04-29,708,774.042315241405,695
CA_1,HOUSEHOLD_1,2016-04-30,991,883.3163739878823,933
CA_1,HOUSEHOLD_1,2016-05-01,1118,946.231946629801,1022
CA_1,HOUSEHOLD_1,2016-05-02,763,786.6020668527451,780
CA_1,HOUSEHOLD_1,2016-05-03,761,630.7780040832625,583
CA_1,HOUSEHOLD_1,2016-05-04,637,657.7372426995571,615
CA_1,HOUSEHOLD_1,2016-05-05,578,585.4230460123179,552
CA_1,HOUSEHOLD_1,2016-05-06,702,747.5238861698405,708
CA_1,HOUSEHOLD_1,2016-05-07,1048,1020.3821416064271,991
CA_1,HOUSEHOLD_1,2016-05-08,768,968.0381432492422,1118
CA_1,HOUSEHOLD_1,2016-05-09,752,751.6325535435051,763
CA_1,HOUSEHOLD_1,2016-05-10,623,682.235186778404,761
CA_1,HOUSEHOLD_1,2016-05-11,593,612.0603982158775,637
CA_1,HOUSEHOLD_1,2016-05-12,597,606.691482675255,578
CA_1,HOUSEHOLD_1,2016-05-13,777,693.7493220685166,702
CA_1,HOUSEHOLD_1,2016-05-14,1055,985.4491674495464,1048
CA_1,HOUSEHOLD_1,2016-05-15,965,906.7397970470325,768
CA_1,HOUSEHOLD_1,2016-05-16,725,717.5523296259768,752
CA_1,HOUSEHOLD_1,2016-05-17,607,626.8142973464011,623
CA_1,HOUSEHOLD_1,2016-05-18,602,634.5038359501904,593
CA_1,HOUSEHOLD_1,2016-05-19,658,620.0316033618068,597
CA_1,HOUSEHOLD_1,2016-05-20,665,727.9409756806187,777
CA_1,HOUSEHOLD_1,2016-05-21,978,977.684627944198,1055
CA_1,HOUSEHOLD_1,2016-05-22,1022,982.9046014730418,965
CA_1,HOUSEHOLD_2,2016-04-25,210,199.69328508325188,199
CA_1,HOUSEHOLD_2,2016-04-26,176,197.32945706777903,189
CA_1,HOUSEHOLD_2,2016-04-27,182,199.4722933911722,204
CA_1,HOUSEHOLD_2,2016-04-28,188,202.11633076369765,186
CA_1,HOUSEHOLD_2,2016-04-29,249,234.0637147622297,205
CA_1,HOUSEHOLD_2,2016-04-30,321,302.4706753219429,319
CA_1,HOUSEHOLD_2,2016-05-01,341,286.30462956703303,324
CA_1,HOUSEHOLD_2,2016-05-02,224,209.6281939192198,210
CA_1,HOUSEHOLD_2,2016-05-03,208,194.1888618231596,176
CA_1,HOUSEHOLD_2,2016-05-04,192,201.0522234539068,182
CA_1,HOUSEHOLD_2,2016-05-05,166,195.28016271239582,188
CA_1,HOUSEHOLD_2,2016-05-06,229,239.04694338673852,249
CA_1,HOUSEHOLD_2,2016-05-07,269,303.2992949163521,321
CA_1,HOUSEHOLD_2,2016-05-08,301,283.37033384834075,341
CA_1,HOUSEHOLD_2,2016-05-09,221,207.21711267185128,224
CA_1,HOUSEHOLD_2,2016-05-10,196,193.59976955057599,208
CA_1,HOUSEHOLD_2,2016-05-11,197,190.98123151487388,192
CA_1,HOUSEHOLD_2,2016-05-12,193,189.55967505585045,166
CA_1,HOUSEHOLD_2,2016-05-13,221,224.5675688719499,229
CA_1,HOUSEHOLD_2,2016-05-14,338,272.40053916074027,269
CA_1,HOUSEHOLD_2,2016-05-15,338,286.8413056478359,301
CA_1,HOUSEHOLD_2,2016-05-16,228,217.89294934948848,221
CA_1,HOUSEHOLD_2,2016-05-17,155,205.69649865493776,196
CA_1,HOUSEHOLD_2,2016-05-18,196,206.55711267267293,197
CA_1,HOUSEHOLD_2,2016-05-19,218,201.97373226880998,193
CA_1,HOUSEHOLD_2,2016-05-20,236,240.10370384628717,221
CA_1,HOUSEHOLD_2,2016-05-21,284,315.4011987672916,338
CA_1,HOUSEHOLD_2,2016-05-22,294,307.1519525924743,338
CA_2,FOODS_1,2016-04-25,439,397.5461477855461,327
CA_2,FOODS_1,2016-04-26,362,383.64769816874724,366
CA_2,FOODS_1,2016-04-27,445,383.009787509928,422
CA_2,FOODS_1,2016-04-28,445,399.7178957249623,334
CA_2,FOODS_1,2016-04-29,478,503.99938912116437,579
CA_2,FOODS_1,2016-04-30,711,526.9704002851666,623
CA_2,FOODS_1,2016-05-01,576,504.6952593286867,520
CA_2,FOODS_1,2016-05-02,475,426.6353904329866,439
CA_2,FOODS_1,2016-05-03,476,400.5347118253097,362
CA_2,FOODS_1,2016-05-04,537,428.2762015457855,445
CA_2,FOODS_1,2016-05-05,557,387.9509431207195,445
CA_2,FOODS_1,2016-05-06,494,489.4723863610883,478
CA_2,FOODS_1,2016-05-07,719,677.885686536883,711
CA_2,FOODS_1,2016-05-08,607,567.814070062248,576
CA_2,FOODS_1,2016-05-09,404,469.74662708824025,475
CA_2,FOODS_1,2016-05-10,435,439.0686753496297,476
CA_2,FOODS_1,2016-05-11,386,443.06554833716217,537
CA_2,FOODS_1,2016-05-12,494,428.19858875286303,557
CA_2,FOODS_1,2016-05-13,683,508.11451076104294,494
CA_2,FOODS_1,2016-05-14,628,581.1842648100951,719
CA_2,FOODS_1,2016-05-15,598,583.478791048313,607
CA_2,FOODS_1,2016-05-16,468,425.96323963934987,404
CA_2,FOODS_1,2016-05-17,389,425.31780528808815,435
CA_2,FOODS_1,2016-05-18,388,438.89292906135586,386
CA_2,FOODS_1,2016-05-19,404,418.2302776504225,494
CA_2,FOODS_1,2016-05-20,584,568.3981265732263,683
CA_2,FOODS_1,2016-05-21,809,605.4768084609724,628
CA_2,FOODS_1,2016-05-22,735,583.478791048313,598
CA_2,FOODS_2,2016-04-25,444,457.51865858838477,454
CA_2,FOODS_2,2016-04-26,436,437.76266533599164,436
CA_2,FOODS_2,2016-04-27,359,433.9829648245007,450
CA_2,FOODS_2,2016-04-28,376,412.37421576729713,349
CA_2,FOODS_2,2016-04-29,421,461.7855785846226,396
CA_2,FOODS_2,2016-04-30,597,617.5539507702381,620
CA_2,FOODS_2,2016-05-01,758,652.2847610185725,782
CA_2,FOODS_2,2016-05-02,625,498.9299284292721,444
CA_2,FOODS_2,2016-05-03,459,436.09546108957295,436
CA_2,FOODS_2,2016-05-04,557,428.0617531260295,359
CA_2,FOODS_2,2016-05-05,433,382.7231821862169,376
CA_2,FOODS_2,2016-05-06,556,472.36417352278534,421
CA_2,FOODS_2,2016-05-07,802,661.977157259669,597
CA_2,FOODS_2,2016-05-08,629,679.37817059287,758
CA_2,FOODS_2,2016-05-09,607,521.6307472484015,625
CA_2,FOODS_2,2016-05-10,490,451.07130458120537,459
CA_2,FOODS_2,2016-05-11,439,463.5517279011058,557
CA_2,FOODS_2,2016-05-12,413,451.3707203841704,433
CA_2,FOODS_2,2016-05-13,510,498.5582131750631,556
CA_2,FOODS_2,2016-05-14,621,624.4223109616848,802
CA_2,FOODS_2,2016-05-15,881,651.3658576502844,629
CA_2,FOODS_2,2016-05-16,524,514.9717090656168,607
CA_2,FOODS_2,2016-05-17,460,472.3221962466426,490
CA_2,FOODS_2,2016-05-18,400,459.9480164438033,439
CA_2,FOODS_2,2016-05-19,501,431.6178880311839,413
CA_2,FOODS_2,2016-05-20,476,488.95364373770644,510
CA_2,FOODS_2,2016-05-21,751,623.2577970235731,621
CA_2,FOODS_2,2016-05-22,835,781.9367276338894,881
CA_2,FOODS_3,2016-04-25,1771,1807.4688340520393,1844
CA_2,FOODS_3,2016-04-26,1508,1648.6830899552344,1608
CA_2,FOODS_3,2016-04-27,1420,1655.9974055414486,1634
CA_2,FOODS_3,2016-04-28,1636,1618.8395752326935,1578
CA_2,FOODS_3,2016-04-29,1962,1930.888138915511,1896
CA_2,FOODS_3,2016-04-30,2733,2276.7453347807473,2517
CA_2,FOODS_3,2016-05-01,2683,2628.622704758483,2710
CA_2,FOODS_3,2016-05-02,1895,1825.2736879792524,1771
CA_2,FOODS_3,2016-05-03,1689,1616.6808103397705,1508
CA_2,FOODS_3,2016-05-04,1921,1666.84077214983,1420
CA_2,FOODS_3,2016-05-05,1659,1530.2730853819871,1636
CA_2,FOODS_3,2016-05-06,1935,1984.5454868397444,1962
CA_2,FOODS_3,2016-05-07,2776,2627.7428730281927,2733
CA_2,FOODS_3,2016-05-08,2222,2595.933890127758,2683
CA_2,FOODS_3,2016-05-09,1719,1850.717834226355,1895
CA_2,FOODS_3,2016-05-10,1755,1773.3451802387508,1689
CA_2,FOODS_3,2016-05-11,1681,1644.4184852974552,1921
CA_2,FOODS_3,2016-05-12,1584,1598.5986851534856,1659
CA_2,FOODS_3,2016-05-13,2062,1920.3864254670168,1935
CA_2,FOODS_3,2016-05-14,2723,2474.029565816258,2776
CA_2,FOODS_3,2016-05-15,2806,2516.031832919994,2222
CA_2,FOODS_3,2016-05-16,1910,1899.6956911141526,1719
CA_2,FOODS_3,2016-05-17,1800,1663.495922504441,1755
CA_2,FOODS_3,2016-05-18,1773,1663.0747660559766,1681
CA_2,FOODS_3,2016-05-19,1820,1655.5690377786368,1584
CA_2,FOODS_3,2016-05-20,2119,2086.0668259050954,2062
CA_2,FOODS_3,2016-05-21,2942,2590.7764712216567,2723
CA_2,FOODS_3,2016-05-22,2628,2737.5013630972494,2806
CA_2,HOBBIES_1,2016-04-25,330,333.0881863130793,303
CA_2,HOBBIES_1,2016-04-26,278,366.1482933272341,336
CA_2,HOBBIES_1,2016-04-27,333,303.39049081530527,303
CA_2,HOBBIES_1,2016-04-28,344,304.4471509570976,232
CA_2,HOBBIES_1,2016-04-29,384,424.6676992079916,425
CA_2,HOBBIES_1,2016-04-30,491,463.751905956711,505
CA_2,HOBBIES_1,2016-05-01,509,409.8571454298935,447
CA_2,HOBBIES_1,2016-05-02,334,328.3648389156518,330
CA_2,HOBBIES_1,2016-05-03,340,315.44365696582486,278
CA_2,HOBBIES_1,2016-05-04,307,356.4608121267132,333
CA_2,HOBBIES_1,2016-05-05,368,308.6156562791656,344
CA_2,HOBBIES_1,2016-05-06,406,384.591805179078,384
CA_2,HOBBIES_1,2016-05-07,500,494.4303202531368,491
CA_2,HOBBIES_1,2016-05-08,481,450.72996412864944,509
CA_2,HOBBIES_1,2016-05-09,324,334.45145525150645,334
CA_2,HOBBIES_1,2016-05-10,411,336.1436777944881,340
CA_2,HOBBIES_1,2016-05-11,303,325.9443237884074,307
CA_2,HOBBIES_1,2016-05-12,258,341.87680365040177,368
CA_2,HOBBIES_1,2016-05-13,327,405.0226205097954,406
CA_2,HOBBIES_1,2016-05-14,604,466.97445465527994,500
CA_2,HOBBIES_1,2016-05-15,530,465.63030454010243,481
CA_2,HOBBIES_1,2016-05-16,291,336.7992659726806,324
CA_2,HOBBIES_1,2016-05-17,350,344.79283410190214,411
CA_2,HOBBIES_1,2016-05-18,301,317.5131918174239,303
CA_2,HOBBIES_1,2016-05-19,315,314.6886200575392,258
CA_2,HOBBIES_1,2016-05-20,395,395.4545853339801,327
CA_2,HOBBIES_1,2016-05-21,691,525.6460518422673,604
CA_2,HOBBIES_1,2016-05-22,581,492.63508862164775,530
CA_2,HOBBIES_2,2016-04-25,31,38.55994328188952,17
CA_2,HOBBIES_2,2016-04-26,58,40.79487470611919,32
CA_2,HOBBIES_2,2016-04-27,27,42.66678880586713,41
CA_2,HOBBIES_2,2016-04-28,56,42.66678880586713,39
CA_2,HOBBIES_2,2016-04-29,54,48.13980999013301,60
CA_2,HOBBIES_2,2016-04-30,103,46.298426783480096,37
CA_2,HOBBIES_2,2016-05-01,70,49.75852081376395,60
CA_2,HOBBIES_2,2016-05-02,26,51.646171272654186,31
CA_2,HOBBIES_2,2016-05-03,37,51.79553798006607,58
CA_2,HOBBIES_2,2016-05-04,43,48.72105569705283,27
CA_2,HOBBIES_2,2016-05-05,64,49.10748477482236,56
CA_2,HOBBIES_2,2016-05-06,65,54.529824808610776,54
CA_2,HOBBIES_2,2016-05-07,82,65.67180828869736,103
CA_2,HOBBIES_2,2016-05-08,57,51.036558359919084,70
CA_2,HOBBIES_2,2016-05-09,29,48.57168898964095,26
CA_2,HOBBIES_2,2016-05-10,55,52.22147274619371,37
CA_2,HOBBIES_2,2016-05-11,39,52.22147274619371,43
CA_2,HOBBIES_2,2016-05-12,57,52.22147274619371,64
CA_2,HOBBIES_2,2016-05-13,43,54.529824808610776,65
CA_2,HOBBIES_2,2016-05-14,83,55.420726077612215,82
CA_2,HOBBIES_2,2016-05-15,58,52.020638926065665,57
CA_2,HOBBIES_2,2016-05-16,35,48.14575422351331,29
CA_2,HOBBIES_2,2016-05-17,35,48.295120930925194,55
CA_2,HOBBIES_2,2016-05-18,33,47.78639523871473,39
CA_2,HOBBIES_2,2016-05-19,42,47.78639523871473,57
CA_2,HOBBIES_2,2016-05-20,39,48.99191277016049,43
CA_2,HOBBIES_2,2016-05-21,71,50.1767991614995,83
CA_2,HOBBIES_2,2016-05-22,79,46.68710620878981,58
CA_2,HOUSEHOLD_1,2016-04-25,667,663.6574139297069,626
CA_2,HOUSEHOLD_1,2016-04-26,634,637.983246036113,596
CA_2,HOUSEHOLD_1,2016-04-27,696,637.6054249617739,586
CA_2,HOUSEHOLD_1,2016-04-28,614,663.9784586691593,521
CA_2,HOUSEHOLD_1,2016-04-29,774,809.7067679875786,778
CA_2,HOUSEHOLD_1,2016-04-30,1276,1013.3587739370313,1096
CA_2,HOUSEHOLD_1,2016-05-01,1140,1083.670784545366,1131
CA_2,HOUSEHOLD_1,2016-05-02,754,754.3908756438905,667
CA_2,HOUSEHOLD_1,2016-05-03,673,680.9276562679424,634
CA_2,HOUSEHOLD_1,2016-05-04,626,705.3100859547934,696
CA_2,HOUSEHOLD_1,2016-05-05,694,631.0821437453588,614
CA_2,HOUSEHOLD_1,2016-05-06,709,822.3458001272714,774
CA_2,HOUSEHOLD_1,2016-05-07,1316,1118.8281800108214,1276
CA_2,HOUSEHOLD_1,2016-05-08,974,998.9645663332891,1140
CA_2,HOUSEHOLD_1,2016-05-09,671,750.2871558529073,754
CA_2,HOUSEHOLD_1,2016-05-10,659,666.1224269376052,673
CA_2,HOUSEHOLD_1,2016-05-11,632,669.1768227445326,626
CA_2,HOUSEHOLD_1,2016-05-12,673,682.4259115643322,694
CA_2,HOUSEHOLD_1,2016-05-13,819,747.3629759675545,709
CA_2,HOUSEHOLD_1,2016-05-14,1273,1056.722059796118,1316
CA_2,HOUSEHOLD_1,2016-05-15,1370,1024.8471041195835,974
CA_2,HOUSEHOLD_1,2016-05-16,700,730.6452104651158,671
CA_2,HOUSEHOLD_1,2016-05-17,668,700.4878124057336,659
CA_2,HOUSEHOLD_1,2016-05-18,668,691.8987487832311,632
CA_2,HOUSEHOLD_1,2016-05-19,675,697.035380066831,673
CA_2,HOUSEHOLD_1,2016-05-20,842,841.0088914925989,819
CA_2,HOUSEHOLD_1,2016-05-21,1283,1122.3374706223165,1273
CA_2,HOUSEHOLD_1,2016-05-22,1260,1140.1537188256816,1370
CA_2,HOUSEHOLD_2,2016-04-25,244,284.56632448759825,259
CA_2,HOUSEHOLD_2,2016-04-26,249,277.7401380069248,257
CA_2,HOUSEHOLD_2,2016-04-27,247,276.5502802454905,255
CA_2,HOUSEHOLD_2,2016-04-28,283,272.5528232845877,250
CA_2,HOUSEHOLD_2,2016-04-29,309,320.11886735598324,323
CA_2,HOUSEHOLD_2,2016-04-30,438,400.778165116316,486
CA_2,HOUSEHOLD_2,2016-05-01,457,374.12514306356724,432
CA_2,HOUSEHOLD_2,2016-05-02,325,278.797467283643,244
CA_2,HOUSEHOLD_2,2016-05-03,303,280.06054420469064,249
CA_2,HOUSEHOLD_2,2016-05-04,252,281.82092036726425,247
CA_2,HOUSEHOLD_2,2016-05-05,245,272.3934717881012,283
CA_2,HOUSEHOLD_2,2016-05-06,327,332.02598464736377,309
CA_2,HOUSEHOLD_2,2016-05-07,441,440.87813260923946,438
CA_2,HOUSEHOLD_2,2016-05-08,360,380.76689305975054,457
CA_2,HOUSEHOLD_2,2016-05-09,245,299.3705189582558,325
CA_2,HOUSEHOLD_2,2016-05-10,287,276.9646867613206,303
CA_2,HOUSEHOLD_2,2016-05-11,242,271.0891599928947,252
CA_2,HOUSEHOLD_2,2016-05-12,272,268.3275326134135,245
CA_2,HOUSEHOLD_2,2016-05-13,395,313.0946424206817,327
CA_2,HOUSEHOLD_2,2016-05-14,575,416.2195452290426,441
CA_2,HOUSEHOLD_2,2016-05-15,467,414.8024408549589,360
CA_2,HOUSEHOLD_2,2016-05-16,310,298.6522979388451,245
CA_2,HOUSEHOLD_2,2016-05-17,261,306.07180177670637,287
CA_2,HOUSEHOLD_2,2016-05-18,226,297.7787030926443,242
CA_2,HOUSEHOLD_2,2016-05-19,280,300.89693237927906,272
CA_2,HOUSEHOLD_2,2016-05-20,296,359.6248302851503,395
CA_2,HOUSEHOLD_2,2016-05-21,573,466.8155314779582,575
CA_2,HOUSEHOLD_2,2016-05-22,496,432.2155992407495,467
CA_3,FOODS_1,2016-04-25,451,303.2773663353761,301
CA_3,FOODS_1,2016-04-26,330,323.7942686727112,331
CA_3,FOODS_1,2016-04-27,413,330.72949911726596,306
CA_3,FOODS_1,2016-04-28,454,342.59324455646976,276
CA_3,FOODS_1,2016-04-29,386,393.20244497506803,335
CA_3,FOODS_1,2016-04-30,514,439.5891723214866,510
CA_3,FOODS_1,2016-05-01,592,406.8384559809152,423
CA_3,FOODS_1,2016-05-02,523,391.6653312300069,451
CA_3,FOODS_1,2016-05-03,555,382.3116499534159,330
CA_3,FOODS_1,2016-05-04,577,398.34297169048773,413
CA_3,FOODS_1,2016-05-05,453,364.43016111349505,454
CA_3,FOODS_1,2016-05-06,486,472.1214445518289,386
CA_3,FOODS_1,2016-05-07,585,554.0691358080605,514
CA_3,FOODS_1,2016-05-08,471,509.4168746623449,592
CA_3,FOODS_1,2016-05-09,514,463.4716353242145,523
CA_3,FOODS_1,2016-05-10,353,420.64758509043827,555
CA_3,FOODS_1,2016-05-11,321,400.54802996377634,577
CA_3,FOODS_1,2016-05-12,323,385.2796101306384,453
CA_3,FOODS_1,2016-05-13,552,434.8242422349457,486
CA_3,FOODS_1,2016-05-14,497,534.5031175580431,585
CA_3,FOODS_1,2016-05-15,565,482.21889552781766,471
CA_3,FOODS_1,2016-05-16,377,377.0988438184243,514
CA_3,FOODS_1,2016-05-17,382,359.5951096193964,353
CA_3,FOODS_1,2016-05-18,345,354.0540939092205,321
CA_3,FOODS_1,2016-05-19,408,363.30616091929534,323
CA_3,FOODS_1,2016-05-20,457,397.7082934832951,552
CA_3,FOODS_1,2016-05-21,574,508.64099044525204,497
CA_3,FOODS_1,2016-05-22,651,496.97555949741184,565
CA_3,FOODS_2,2016-04-25,683,658.6019411015919,663
CA_3,FOODS_2,2016-04-26,612,570.6175572560901,557
CA_3,FOODS_2,2016-04-27,530,576.5476668512022,595
CA_3,FOODS_2,2016-04-28,452,556.64996392556,529
CA_3,FOODS_2,2016-04-29,624,646.8870694473569,600
CA_3,FOODS_2,2016-04-30,731,699.1660592663419,680
CA_3,FOODS_2,2016-05-01,927,760.9184979668624,890
CA_3,FOODS_2,2016-05-02,741,716.9239598645489,683
CA_3,FOODS_2,2016-05-03,673,682.8989040356224,612
CA_3,FOODS_2,2016-05-04,634,609.6000457118166,530
CA_3,FOODS_2,2016-05-05,738,573.9340395735798,452
CA_3,FOODS_2,2016-05-06,629,646.2881033501352,624
CA_3,FOODS_2,2016-05-07,789,867.5387414576647,731
CA_3,FOODS_2,2016-05-08,855,873.0597572252381,927
CA_3,FOODS_2,2016-05-09,831,762.4397011631384,741
CA_3,FOODS_2,2016-05-10,759,656.5377788887861,673
CA_3,FOODS_2,2016-05-11,712,635.6573365521226,634
CA_3,FOODS_2,2016-05-12,590,628.0168842689991,738
CA_3,FOODS_2,2016-05-13,718,620.5492123059859,629
CA_3,FOODS_2,2016-05-14,755,803.3920868032166,789
CA_3,FOODS_2,2016-05-15,919,883.2231763711336,855
CA_3,FOODS_2,2016-05-16,693,712.2661648405189,831
CA_3,FOODS_2,2016-05-17,637,614.0145501076156,759
CA_3,FOODS_2,2016-05-18,604,623.1174058792748,712
CA_3,FOODS_2,2016-05-19,554,582.0043972894315,590
CA_3,FOODS_2,2016-05-20,520,647.4813310946001,718
CA_3,FOODS_2,2016-05-21,639,754.0202949476162,755
CA_3,FOODS_2,2016-05-22,845,874.3482275374375,919
CA_3,FOODS_3,2016-04-25,2972,2709.160265812309,2863
CA_3,FOODS_3,2016-04-26,2240,2449.0669051791756,2580
CA_3,FOODS_3,2016-04-27,2291,2385.5586102886896,2385
CA_3,FOODS_3,2016-04-28,2209,2492.8712561395687,2251
CA_3,FOODS_3,2016-04-29,2493,2656.8442981600524,2474
CA_3,FOODS_3,2016-04-30,3070,3118.583427932375,3269
CA_3,FOODS_3,2016-05-01,3359,2965.8808778787693,3385
CA_3,FOODS_3,2016-05-02,2894,2742.256721735127,2972
CA_3,FOODS_3,2016-05-03,2655,2665.3229986599304,2240
CA_3,FOODS_3,2016-05-04,2902,2531.660592151072,2291
CA_3,FOODS_3,2016-05-05,2432,2454.7786501984037,2209
CA_3,FOODS_3,2016-05-06,2528,2656.8442981600524,2493
CA_3,FOODS_3,2016-05-07,3135,3239.432455094674,3070
CA_3,FOODS_3,2016-05-08,3001,3260.4352922295166,3359
CA_3,FOODS_3,2016-05-09,3238,2703.251961727213,2894
CA_3,FOODS_3,2016-05-10,2763,2434.8047997229824,2655
CA_3,FOODS_3,2016-05-11,2582,2401.900434843963,2902
CA_3,FOODS_3,2016-05-12,2202,2432.4179639144977,2432
CA_3,FOODS_3,2016-05-13,2594,2597.415869136197,2528
CA_3,FOODS_3,2016-05-14,3059,3111.8463339967616,3135
CA_3,FOODS_3,2016-05-15,3496,3520.6034389567494,3001
CA_3,FOODS_3,2016-05-16,2615,2886.281714993232,3238
CA_3,FOODS_3,2016-05-17,2472,2412.389187218164,2763
CA_3,FOODS_3,2016-05-18,2476,2345.464751162562,2582
CA_3,FOODS_3,2016-05-19,2494,2431.802651427679,2202
CA_3,FOODS_3,2016-05-20,2520,2497.7429268318265,2594
CA_3,FOODS_3,2016-05-21,3102,3236.855198625309,3059
CA_3,FOODS_3,2016-05-22,3573,3381.6917810699206,3496
CA_3,HOBBIES_1,2016-04-25,479,471.70778818766814,425
CA_3,HOBBIES_1,2016-04-26,563,459.71506915823863,538
CA_3,HOBBIES_1,2016-04-27,378,465.2235710850267,489
CA_3,HOBBIES_1,2016-04-28,435,459.05599368137587,490
CA_3,HOBBIES_1,2016-04-29,477,592.4885572018507,548
CA_3,HOBBIES_1,2016-04-30,576,583.58953268455,697
CA_3,HOBBIES_1,2016-05-01,658,586.1711789881265,592
CA_3,HOBBIES_1,2016-05-02,573,467.1496982509615,479
CA_3,HOBBIES_1,2016-05-03,585,460.7120984730235,563
CA_3,HOBBIES_1,2016-05-04,482,432.86684553536236,378
CA_3,HOBBIES_1,2016-05-05,483,393.98976445079575,435
CA_3,HOBBIES_1,2016-05-06,443,504.5452778166991,477
CA_3,HOBBIES_1,2016-05-07,653,608.6113013290625,576
CA_3,HOBBIES_1,2016-05-08,509,556.6300105537553,658
CA_3,HOBBIES_1,2016-05-09,530,516.1731046083053,573
CA_3,HOBBIES_1,2016-05-10,469,439.1514101879108,585
CA_3,HOBBIES_1,2016-05-11,505,447.6710503406375,482
CA_3,HOBBIES_1,2016-05-12,381,474.66050619160103,483
CA_3,HOBBIES_1,2016-05-13,428,452.68095655202836,443
CA_3,HOBBIES_1,2016-05-14,593,610.1320632816577,653
CA_3,HOBBIES_1,2016-05-15,641,651.7884536834027,509
CA_3,HOBBIES_1,2016-05-16,432,455.8152734180863,530
CA_3,HOBBIES_1,2016-05-17,471,480.627258121512,469
CA_3,HOBBIES_1,2016-05-18,503,453.80737741401754,505
CA_3,HOBBIES_1,2016-05-19,525,442.3610858856431,381
CA_3,HOBBIES_1,2016-05-20,522,516.6725388328191,428
CA_3,HOBBIES_1,2016-05-21,605,643.242097025135,593
CA_3,HOBBIES_1,2016-05-22,655,619.3464525945519,641
CA_3,HOBBIES_2,2016-04-25,80,52.072106038781826,42
CA_3,HOBBIES_2,2016-04-26,73,55.37125529908319,50
CA_3,HOBBIES_2,2016-04-27,101,55.37125529908319,45
CA_3,HOBBIES_2,2016-04-28,101,62.14646254408555,50
CA_3,HOBBIES_2,2016-04-29,79,74.63676699223797,50
CA_3,HOBBIES_2,2016-04-30,131,76.63695267227757,68
CA_3,HOBBIES_2,2016-05-01,115,74.93249156266893,78
CA_3,HOBBIES_2,2016-05-02,70,77.30016953805323,80
CA_3,HOBBIES_2,2016-05-03,76,76.11740594894358,73
CA_3,HOBBIES_2,2016-05-04,92,82.24629815147891,101
CA_3,HOBBIES_2,2016-05-05,83,78.22611464971367,101
CA_3,HOBBIES_2,2016-05-06,53,78.42575801136061,79
CA_3,HOBBIES_2,2016-05-07,77,89.98375379524454,131
CA_3,HOBBIES_2,2016-05-08,75,78.44719962332437,115
CA_3,HOBBIES_2,2016-05-09,55,68.47867344283482,70
CA_3,HOBBIES_2,2016-05-10,68,68.62804015024672,76
CA_3,HOBBIES_2,2016-05-11,48,70.94308762453703,92
CA_3,HOBBIES_2,2016-05-12,55,63.34234184104462,83
CA_3,HOBBIES_2,2016-05-13,74,57.67960736150025,53
CA_3,HOBBIES_2,2016-05-14,72,67.6502536276859,77
CA_3,HOBBIES_2,2016-05-15,72,58.67083852809602,75
CA_3,HOBBIES_2,2016-05-16,50,55.2218885916713,55
CA_3,HOBBIES_2,2016-05-17,61,55.37125529908319,68
CA_3,HOBBIES_2,2016-05-18,62,55.37125529908319,48
CA_3,HOBBIES_2,2016-05-19,71,56.871102229461926,55
CA_3,HOBBIES_2,2016-05-20,49,65.95466153688133,74
CA_3,HOBBIES_2,2016-05-21,70,62.37489331306228,72
CA_3,HOBBIES_2,2016-05-22,99,60.83791029552956,72
CA_3,HOUSEHOLD_1,2016-04-25,1346,1319.9104398013253,1419
CA_3,HOUSEHOLD_1,2016-04-26,1160,1246.378554949742,1335
CA_3,HOUSEHOLD_1,2016-04-27,1073,1202.4970878241438,1101
CA_3,HOUSEHOLD_1,2016-04-28,1113,1213.2292573280718,1163
CA_3,HOUSEHOLD_1,2016-04-29,1335,1403.658068745858,1296
CA_3,HOUSEHOLD_1,2016-04-30,1637,1549.9719112406274,1781
CA_3,HOUSEHOLD_1,2016-05-01,1781,1779.2158550098088,1888
CA_3,HOUSEHOLD_1,2016-05-02,1608,1379.5646039519593,1346
CA_3,HOUSEHOLD_1,2016-05-03,1463,1238.1384433837095,1160
CA_3,HOUSEHOLD_1,2016-05-04,1255,1278.6412879839236,1073
CA_3,HOUSEHOLD_1,2016-05-05,1265,1218.3119117792062,1113
CA_3,HOUSEHOLD_1,2016-05-06,1368,1392.9477579857878,1335
CA_3,HOUSEHOLD_1,2016-05-07,1644,1732.526398116485,1637
CA_3,HOUSEHOLD_1,2016-05-08,1392,1782.7549818831462,1781
CA_3,HOUSEHOLD_1,2016-05-09,1462,1467.443058302244,1608
CA_3,HOUSEHOLD_1,2016-05-10,1213,1256.1526043753993,1463
CA_3,HOUSEHOLD_1,2016-05-11,1365,1187.1949229600789,1255
CA_3,HOUSEHOLD_1,2016-05-12,1195,1225.9689166499284,1265
CA_3,HOUSEHOLD_1,2016-05-13,1333,1293.7322690933022,1368
CA_3,HOUSEHOLD_1,2016-05-14,1600,1652.8495956693537,1644
CA_3,HOUSEHOLD_1,2016-05-15,1754,1703.9713848632973,1392
CA_3,HOUSEHOLD_1,2016-05-16,1358,1351.0733429100376,1462
CA_3,HOUSEHOLD_1,2016-05-17,1098,1237.2805667642076,1213
CA_3,HOUSEHOLD_1,2016-05-18,1021,1219.6033336450926,1365
CA_3,HOUSEHOLD_1,2016-05-19,1183,1164.2675380553762,1195
CA_3,HOUSEHOLD_1,2016-05-20,1105,1300.5323277239054,1333
CA_3,HOUSEHOLD_1,2016-05-21,1558,1663.1799615058833,1600
CA_3,HOUSEHOLD_1,2016-05-22,1793,1761.639978803695,1754
CA_3,HOUSEHOLD_2,2016-04-25,348,315.83453746713576,355
CA_3,HOUSEHOLD_2,2016-04-26,311,305.78446987967294,292
CA_3,HOUSEHOLD_2,2016-04-27,279,291.8111711562158,314
CA_3,HOUSEHOLD_2,2016-04-28,251,296.1199622125836,259
CA_3,HOUSEHOLD_2,2016-04-29,311,354.4546386940111,320
CA_3,HOUSEHOLD_2,2016-04-30,398,390.7957509336417,414
CA_3,HOUSEHOLD_2,2016-05-01,396,366.59560498953016,465
CA_3,HOUSEHOLD_2,2016-05-02,367,326.7025918537589,348
CA_3,HOUSEHOLD_2,2016-05-03,318,284.12298419521426,311
CA_3,HOUSEHOLD_2,2016-05-04,262,274.01259278738627,279
CA_3,HOUSEHOLD_2,2016-05-05,339,228.35873473746003,251
CA_3,HOUSEHOLD_2,2016-05-06,335,325.81470054432555,311
CA_3,HOUSEHOLD_2,2016-05-07,463,410.05965350457416,398
CA_3,HOUSEHOLD_2,2016-05-08,440,384.2228267079489,396
CA_3,HOUSEHOLD_2,2016-05-09,328,325.8952510458617,367
CA_3,HOUSEHOLD_2,2016-05-10,335,297.9365459073703,318
CA_3,HOUSEHOLD_2,2016-05-11,351,316.274209338489,262
CA_3,HOUSEHOLD_2,2016-05-12,293,317.3487168921453,339
CA_3,HOUSEHOLD_2,2016-05-13,347,337.4619040613383,335
CA_3,HOUSEHOLD_2,2016-05-14,453,420.2677723160746,463
CA_3,HOUSEHOLD_2,2016-05-15,522,446.1713676351132,440
CA_3,HOUSEHOLD_2,2016-05-16,366,348.57391651980896,328
CA_3,HOUSEHOLD_2,2016-05-17,402,320.3380470130599,335
CA_3,HOUSEHOLD_2,2016-05-18,364,335.92234572323696,351
CA_3,HOUSEHOLD_2,2016-05-19,345,323.2867149987994,293
CA_3,HOUSEHOLD_2,2016-05-20,369,368.5228638058813,347
CA_3,HOUSEHOLD_2,2016-05-21,525,476.5152450456864,453
CA_3,HOUSEHOLD_2,2016-05-22,528,491.6230961149853,522
CA_4,FOODS_1,2016-04-25,233,190.3836240862742,196
CA_4,FOODS_1,2016-04-26,324,189.75748433402867,185
CA_4,FOODS_1,2016-04-27,226,202.32209602123757,201
CA_4,FOODS_1,2016-04-28,213,206.04486240736534,190
CA_4,FOODS_1,2016-04-29,255,236.2033067892067,229
CA_4,FOODS_1,2016-04-30,280,255.8079784280081,250
CA_4,FOODS_1,2016-05-01,343,229.57654146001855,257
CA_4,FOODS_1,2016-05-02,275,234.56367057387996,233
CA_4,FOODS_1,2016-05-03,251,245.48339214074502,324
CA_4,FOODS_1,2016-05-04,212,230.06915154423587,226
CA_4,FOODS_1,2016-05-05,266,193.66009977632288,213
CA_4,FOODS_1,2016-05-06,303,265.293972251111,255
CA_4,FOODS_1,2016-05-07,341,300.96037644818125,280
CA_4,FOODS_1,2016-05-08,256,264.7636688132547,343
CA_4,FOODS_1,2016-05-09,231,245.54426203948378,275
CA_4,FOODS_1,2016-05-10,263,236.92032231502992,251
CA_4,FOODS_1,2016-05-11,253,236.24815808654836,212
CA_4,FOODS_1,2016-05-12,201,241.89139213734813,266
CA_4,FOODS_1,2016-05-13,284,283.86044823990454,303
CA_4,FOODS_1,2016-05-14,294,298.2173866898178,341
CA_4,FOODS_1,2016-05-15,242,249.4746468156711,256
CA_4,FOODS_1,2016-05-16,286,219.37080117979835,231
CA_4,FOODS_1,2016-05-17,243,230.93391578787617,263
CA_4,FOODS_1,2016-05-18,244,228.4246661520858,253
CA_4,FOODS_1,2016-05-19,222,218.39615770846115,201
CA_4,FOODS_1,2016-05-20,280,267.767052619971,284
CA_4,FOODS_1,2016-05-21,285,299.6252006221637,294
CA_4,FOODS_1,2016-05-22,321,267.45866221187634,242
CA_4,FOODS_2,2016-04-25,408,368.18665346478747,382
CA_4,FOODS_2,2016-04-26,354,342.4863037879266,369
CA_4,FOODS_2,2016-04-27,304,313.1515340645431,285
CA_4,FOODS_2,2016-04-28,277,325.4369947236486,311
CA_4,FOODS_2,2016-04-29,319,337.2502109416877,336
CA_4,FOODS_2,2016-04-30,380,396.5110079451591,394
CA_4,FOODS_2,2016-05-01,536,408.4828860024303,430
CA_4,FOODS_2,2016-05-02,447,417.00392763350726,408
CA_4,FOODS_2,2016-05-03,395,354.37578306444385,354
CA_4,FOODS_2,2016-05-04,345,340.38028036098086,304
CA_4,FOODS_2,2016-05-05,367,315.9615569519815,277
CA_4,FOODS_2,2016-05-06,337,346.778235524702,319
CA_4,FOODS_2,2016-05-07,420,445.5239132367674,380
CA_4,FOODS_2,2016-05-08,407,478.903466876952,536
CA_4,FOODS_2,2016-05-09,474,379.466650338441,447
CA_4,FOODS_2,2016-05-10,388,335.6164086085059,395
CA_4,FOODS_2,2016-05-11,358,328.7089618998737,345
CA_4,FOODS_2,2016-05-12,336,343.1209502957307,367
CA_4,FOODS_2,2016-05-13,335,349.47333845412436,337
CA_4,FOODS_2,2016-05-14,409,417.12081353240063,420
CA_4,FOODS_2,2016-05-15,549,448.8283326500097,407
CA_4,FOODS_2,2016-05-16,431,398.50396409753,474
CA_4,FOODS_2,2016-05-17,382,355.7246893067789,388
CA_4,FOODS_2,2016-05-18,305,330.78337905335025,358
CA_4,FOODS_2,2016-05-19,329,337.6091565110682,336
CA_4,FOODS_2,2016-05-20,375,355.9116770691796,335
CA_4,FOODS_2,2016-05-21,404,434.67483110820734,409
CA_4,FOODS_2,2016-05-22,489,476.51032857359553,549
CA_4,FOODS_3,2016-04-25,1200,1162.2291465332164,1301
CA_4,FOODS_3,2016-04-26,1014,1029.2765587808115,1168
CA_4,FOODS_3,2016-04-27,1086,997.7469614259027,1095
CA_4,FOODS_3,2016-04-28,977,1008.7505976222158,1128
CA_4,FOODS_3,2016-04-29,1144,1193.2005279579998,1186
CA_4,FOODS_3,2016-04-30,1270,1265.7016160924072,1327
CA_4,FOODS_3,2016-05-01,1412,1334.2009356818396,1356
CA_4,FOODS_3,2016-05-02,1297,1142.7120249419381,1200
CA_4,FOODS_3,2016-05-03,1141,1032.3365768538351,1014
CA_4,FOODS_3,2016-05-04,1150,1034.9384627227707,1086
CA_4,FOODS_3,2016-05-05,1002,982.8449953097728,977
CA_4,FOODS_3,2016-05-06,1046,1138.4678824063644,1144
CA_4,FOODS_3,2016-05-07,1251,1365.5081182109545,1270
CA_4,FOODS_3,2016-05-08,1161,1349.282423205953,1412
CA_4,FOODS_3,2016-05-09,1388,1165.7880241417752,1297
CA_4,FOODS_3,2016-05-10,1168,1005.0889912568933,1141
CA_4,FOODS_3,2016-05-11,1081,1002.1950673629822,1150
CA_4,FOODS_3,2016-05-12,1147,983.7211853319984,1002
CA_4,FOODS_3,2016-05-13,1048,1098.3463358032345,1046
CA_4,FOODS_3,2016-05-14,1415,1319.6411702878693,1251
CA_4,FOODS_3,2016-05-15,1424,1335.6784073625995,1161
CA_4,FOODS_3,2016-05-16,1357,1243.0798833243502,1388
CA_4,FOODS_3,2016-05-17,1200,1143.6149588178946,1168
CA_4,FOODS_3,2016-05-18,1114,1073.5724659733542,1081
CA_4,FOODS_3,2016-05-19,1064,1120.7022454801524,1147
CA_4,FOODS_3,2016-05-20,1030,1178.90940385919,1048
CA_4,FOODS_3,2016-05-21,1200,1396.838828312114,1415
CA_4,FOODS_3,2016-05-22,1566,1423.7513796177548,1424
CA_4,HOBBIES_1,2016-04-25,391,347.9545807583954,362
CA_4,HOBBIES_1,2016-04-26,269,346.3919951933328,382
CA_4,HOBBIES_1,2016-04-27,428,371.9170455292787,383
CA_4,HOBBIES_1,2016-04-28,345,322.1911320952853,355
CA_4,HOBBIES_1,2016-04-29,275,368.6977651541857,394
CA_4,HOBBIES_1,2016-04-30,509,406.58834044553356,380
CA_4,HOBBIES_1,2016-05-01,298,364.5653795694938,455
CA_4,HOBBIES_1,2016-05-02,426,359.26853272536545,391
CA_4,HOBBIES_1,2016-05-03,571,364.4517744963307,269
CA_4,HOBBIES_1,2016-05-04,299,348.6452057073402,428
CA_4,HOBBIES_1,2016-05-05,340,308.39841317661046,345
CA_4,HOBBIES_1,2016-05-06,301,355.32921661924655,275
CA_4,HOBBIES_1,2016-05-07,351,433.9046955245319,509
CA_4,HOBBIES_1,2016-05-08,326,348.56860774567565,298
CA_4,HOBBIES_1,2016-05-09,363,339.31024888959996,426
CA_4,HOBBIES_1,2016-05-10,410,318.31693011392656,571
CA_4,HOBBIES_1,2016-05-11,353,301.83080533124627,299
CA_4,HOBBIES_1,2016-05-12,391,358.55116120064844,340
CA_4,HOBBIES_1,2016-05-13,342,342.4848745740519,301
CA_4,HOBBIES_1,2016-05-14,457,400.93939698326074,351
CA_4,HOBBIES_1,2016-05-15,393,399.02936216640876,326
CA_4,HOBBIES_1,2016-05-16,303,359.5375850227905,363
CA_4,HOBBIES_1,2016-05-17,327,358.29197059401156,410
CA_4,HOBBIES_1,2016-05-18,303,342.08959280070934,353
CA_4,HOBBIES_1,2016-05-19,351,342.6889783531407,391
CA_4,HOBBIES_1,2016-05-20,405,363.8746884055397,342
CA_4,HOBBIES_1,2016-05-21,517,427.22911792123494,457
CA_4,HOBBIES_1,2016-05-22,424,434.84186126258476,393
CA_4,HOBBIES_2,2016-04-25,16,18.26998490833913,15
CA_4,HOBBIES_2,2016-04-26,19,18.419351615751008,16
CA_4,HOBBIES_2,2016-04-27,15,18.419351615751008,22
CA_4,HOBBIES_2,2016-04-28,17,17.68546214578552,14
CA_4,HOBBIES_2,2016-04-29,13,19.624869147196765,11
CA_4,HOBBIES_2,2016-04-30,11,20.37194138910711,10
CA_4,HOBBIES_2,2016-05-01,27,16.013607135337097,11
CA_4,HOBBIES_2,2016-05-02,36,18.68173925971937,16
CA_4,HOBBIES_2,2016-05-03,16,22.077279891690132,19
CA_4,HOBBIES_2,2016-05-04,24,21.034853704997627,15
CA_4,HOBBIES_2,2016-05-05,25,19.389226686446435,17
CA_4,HOBBIES_2,2016-05-06,17,24.53683402788869,13
CA_4,HOBBIES_2,2016-05-07,22,26.300982091185897,11
CA_4,HOBBIES_2,2016-05-08,29,21.458240647813213,27
CA_4,HOBBIES_2,2016-05-09,30,24.45835795150322,36
CA_4,HOBBIES_2,2016-05-10,16,23.331316496442934,16
CA_4,HOBBIES_2,2016-05-11,21,23.331316496442934,24
CA_4,HOBBIES_2,2016-05-12,12,23.331316496442934,25
CA_4,HOBBIES_2,2016-05-13,29,23.856371747813753,17
CA_4,HOBBIES_2,2016-05-14,23,26.300982091185897,22
CA_4,HOBBIES_2,2016-05-15,20,25.317658330961056,29
CA_4,HOBBIES_2,2016-05-16,26,23.83327801936361,30
CA_4,HOBBIES_2,2016-05-17,12,23.302182446700552,16
CA_4,HOBBIES_2,2016-05-18,23,22.72860812202269,21
CA_4,HOBBIES_2,2016-05-19,25,23.302182446700552,12
CA_4,HOBBIES_2,2016-05-20,26,25.188162258221247,29
CA_4,HOBBIES_2,2016-05-21,28,26.952310321518453,23
CA_4,HOBBIES_2,2016-05-22,30,25.317658330961056,20
CA_4,HOUSEHOLD_1,2016-04-25,384,374.0407604785406,395
CA_4,HOUSEHOLD_1,2016-04-26,359,329.8630775108262,397
CA_4,HOUSEHOLD_1,2016-04-27,344,350.28423061847906,357
CA_4,HOUSEHOLD_1,2016-04-28,323,381.8501268077598,333
CA_4,HOUSEHOLD_1,2016-04-29,338,395.79283666324284,347
CA_4,HOUSEHOLD_1,2016-04-30,413,454.7638147118493,410
CA_4,HOUSEHOLD_1,2016-05-01,444,477.18828460920105,585
CA_4,HOUSEHOLD_1,2016-05-02,496,366.390088947122,384
CA_4,HOUSEHOLD_1,2016-05-03,408,349.6604538080079,359
CA_4,HOUSEHOLD_1,2016-05-04,393,352.9123544475745,344
CA_4,HOUSEHOLD_1,2016-05-05,323,309.4039591070739,323
CA_4,HOUSEHOLD_1,2016-05-06,358,371.37036226302473,338
CA_4,HOUSEHOLD_1,2016-05-07,490,476.01007923610837,413
CA_4,HOUSEHOLD_1,2016-05-08,357,444.3202091034415,444
CA_4,HOUSEHOLD_1,2016-05-09,464,393.08081377661364,496
CA_4,HOUSEHOLD_1,2016-05-10,426,354.5841237991042,408
CA_4,HOUSEHOLD_1,2016-05-11,397,355.18155332345015,393
CA_4,HOUSEHOLD_1,2016-05-12,416,336.37165184116765,323
CA_4,HOUSEHOLD_1,2016-05-13,449,395.05440707028464,358
CA_4,HOUSEHOLD_1,2016-05-14,470,493.3321210803441,490
CA_4,HOUSEHOLD_1,2016-05-15,509,506.5698593044896,357
CA_4,HOUSEHOLD_1,2016-05-16,484,412.28159097136347,464
CA_4,HOUSEHOLD_1,2016-05-17,426,392.509446217423,426
CA_4,HOUSEHOLD_1,2016-05-18,372,376.92335213570743,397
CA_4,HOUSEHOLD_1,2016-05-19,412,367.3687746188872,416
CA_4,HOUSEHOLD_1,2016-05-20,433,411.23855054657616,449
CA_4,HOUSEHOLD_1,2016-05-21,523,498.3142312532704,470
CA_4,HOUSEHOLD_1,2016-05-22,563,546.3178203452069,509
CA_4,HOUSEHOLD_2,2016-04-25,135,141.59410365373054,158
CA_4,HOUSEHOLD_2,2016-04-26,156,152.49284812737227,160
CA_4,HOUSEHOLD_2,2016-04-27,126,141.25841437784615,157
CA_4,HOUSEHOLD_2,2016-04-28,125,151.03765931872604,127
CA_4,HOUSEHOLD_2,2016-04-29,176,143.43199318688497,125
CA_4,HOUSEHOLD_2,2016-04-30,160,189.94061552523243,183
CA_4,HOUSEHOLD_2,2016-05-01,211,169.70985889486906,177
CA_4,HOUSEHOLD_2,2016-05-02,136,140.3799379252179,135
CA_4,HOUSEHOLD_2,2016-05-03,152,146.27030210228256,156
CA_4,HOUSEHOLD_2,2016-05-04,162,132.0725375911009,126
CA_4,HOUSEHOLD_2,2016-05-05,143,142.88341341720385,125
CA_4,HOUSEHOLD_2,2016-05-06,138,157.26799921769637,176
CA_4,HOUSEHOLD_2,2016-05-07,193,170.40468731700105,160
CA_4,HOUSEHOLD_2,2016-05-08,139,164.60473673074839,211
CA_4,HOUSEHOLD_2,2016-05-09,150,137.62764811258316,136
CA_4,HOUSEHOLD_2,2016-05-10,144,145.35749080853148,152
CA_4,HOUSEHOLD_2,2016-05-11,140,138.95755274625625,162
CA_4,HOUSEHOLD_2,2016-05-12,156,136.40998240743994,143
CA_4,HOUSEHOLD_2,2016-05-13,148,143.91511300227563,138
CA_4,HOUSEHOLD_2,2016-05-14,188,188.89811345994852,193
CA_4,HOUSEHOLD_2,2016-05-15,181,172.18630253194343,139
CA_4,HOUSEHOLD_2,2016-05-16,137,153.10564784052346,150
CA_4,HOUSEHOLD_2,2016-05-17,125,151.81190832423405,144
CA_4,HOUSEHOLD_2,2016-05-18,158,151.52340562813066,140
CA_4,HOUSEHOLD_2,2016-05-19,141,141.25841437784615,156
CA_4,HOUSEHOLD_2,2016-05-20,155,147.6428725869197,148
CA_4,HOUSEHOLD_2,2016-05-21,189,188.4006693901899,188
CA_4,HOUSEHOLD_2,2016-05-22,204,181.4796896660273,181
TX_1,FOODS_1,2016-04-25,219,176.0743373220558,193
TX_1,FOODS_1,2016-04-26,167,166.44065162685945,138
TX_1,FOODS_1,2016-04-27,198,178.00663702509024,176
TX_1,FOODS_1,2016-04-28,169,183.58596319030448,198
TX_1,FOODS_1,2016-04-29,241,218.3408926283445,201
TX_1,FOODS_1,2016-04-30,288,236.2955052643574,218
TX_1,FOODS_1,2016-05-01,317,224.39429192600994,221
TX_1,FOODS_1,2016-05-02,187,197.62336427939601,219
TX_1,FOODS_1,2016-05-03,307,197.24542759462938,167
TX_1,FOODS_1,2016-05-04,248,208.8274702511107,198
TX_1,FOODS_1,2016-05-05,272,189.72965623275985,169
TX_1,FOODS_1,2016-05-06,333,259.34025945346474,241
TX_1,FOODS_1,2016-05-07,303,303.2862120188841,288
TX_1,FOODS_1,2016-05-08,233,271.243997699321,317
TX_1,FOODS_1,2016-05-09,220,222.3377536305827,187
TX_1,FOODS_1,2016-05-10,252,242.13442098557994,307
TX_1,FOODS_1,2016-05-11,270,233.5455067814701,248
TX_1,FOODS_1,2016-05-12,231,231.90165398139038,272
TX_1,FOODS_1,2016-05-13,239,260.22268674763194,333
TX_1,FOODS_1,2016-05-14,281,289.4883206027618,303
TX_1,FOODS_1,2016-05-15,316,255.30593778572455,233
TX_1,FOODS_1,2016-05-16,261,220.59664927775697,220
TX_1,FOODS_1,2016-05-17,235,230.07844768156318,252
TX_1,FOODS_1,2016-05-18,241,227.07679995057163,270
TX_1,FOODS_1,2016-05-19,220,223.5357451173558,231
TX_1,FOODS_1,2016-05-20,299,244.03100454527402,239
TX_1,FOODS_1,2016-05-21,279,291.73946403930097,281
TX_1,FOODS_1,2016-05-22,398,278.0146579662431,316
TX_1,FOODS_2,2016-04-25,278,358.3328494089159,447
TX_1,FOODS_2,2016-04-26,311,296.5780823340351,370
TX_1,FOODS_2,2016-04-27,256,293.4813558258956,353
TX_1,FOODS_2,2016-04-28,252,280.59010158676097,305
TX_1,FOODS_2,2016-04-29,385,328.2445904832385,305
TX_1,FOODS_2,2016-04-30,345,364.05785674925914,331
TX_1,FOODS_2,2016-05-01,438,386.5986230629963,424
TX_1,FOODS_2,2016-05-02,323,328.9735457887661,278
TX_1,FOODS_2,2016-05-03,434,341.5337456504144,311
TX_1,FOODS_2,2016-05-04,239,332.5822741317188,256
TX_1,FOODS_2,2016-05-05,300,319.9559746786045,252
TX_1,FOODS_2,2016-05-06,372,349.27427893918593,385
TX_1,FOODS_2,2016-05-07,426,391.27861746254933,345
TX_1,FOODS_2,2016-05-08,318,417.27422541614203,438
TX_1,FOODS_2,2016-05-09,428,351.37414226078533,323
TX_1,FOODS_2,2016-05-10,361,357.41323475041503,434
TX_1,FOODS_2,2016-05-11,428,317.10309852544935,239
TX_1,FOODS_2,2016-05-12,382,333.3996323502434,300
TX_1,FOODS_2,2016-05-13,398,360.4457269330122,372
TX_1,FOODS_2,2016-05-14,419,435.4240093730758,426
TX_1,FOODS_2,2016-05-15,538,450.4204504076372,318
TX_1,FOODS_2,2016-05-16,368,431.3197851763478,428
TX_1,FOODS_2,2016-05-17,327,361.5896611737181,361
TX_1,FOODS_2,2016-05-18,273,360.35432099055294,428
TX_1,FOODS_2,2016-05-19,250,333.93490319084344,382
TX_1,FOODS_2,2016-05-20,313,349.1428615502229,398
TX_1,FOODS_2,2016-05-21,396,394.6763745440101,419
TX_1,FOODS_2,2016-05-22,343,452.170880929835,538
TX_1,FOODS_3,2016-04-25,1506,1428.9806344189492,1794
TX_1,FOODS_3,2016-04-26,1312,1299.2281514161823,1605
TX_1,FOODS_3,2016-04-27,1496,1270.269004287369,1305
TX_1,FOODS_3,2016-04-28,1202,1309.9774741942592,1274
TX_1,FOODS_3,2016-04-29,1650,1440.8655690751598,1416
TX_1,FOODS_3,2016-04-30,1910,1570.394397366379,1770
TX_1,FOODS_3,2016-05-01,2014,1840.1536007838201,1846
TX_1,FOODS_3,2016-05-02,1240,1454.6310560474262,1506
TX_1,FOODS_3,2016-05-03,1267,1391.7923473999967,1312
TX_1,FOODS_3,2016-05-04,1292,1389.026554981679,1496
TX_1,FOODS_3,2016-05-05,1562,1325.58937421134,1202
TX_1,FOODS_3,2016-05-06,1599,1549.363150509671,1650
TX_1,FOODS_3,2016-05-07,1963,1923.9217491259344,1910
TX_1,FOODS_3,2016-05-08,1494,1827.583823184094,2014
TX_1,FOODS_3,2016-05-09,1683,1371.6189841938494,1240
TX_1,FOODS_3,2016-05-10,1364,1414.5521363466898,1267
TX_1,FOODS_3,2016-05-11,1600,1364.1150188474828,1292
TX_1,FOODS_3,2016-05-12,1598,1397.9274695272843,1562
TX_1,FOODS_3,2016-05-13,1766,1607.054479142731,1599
TX_1,FOODS_3,2016-05-14,1828,1852.3959601427136,1963
TX_1,FOODS_3,2016-05-15,2282,1888.8477755294527,1494
TX_1,FOODS_3,2016-05-16,1564,1678.1598931317408,1683
TX_1,FOODS_3,2016-05-17,1464,1560.104687731591,1364
TX_1,FOODS_3,2016-05-18,1410,1434.0605123872783,1600
TX_1,FOODS_3,2016-05-19,1294,1427.6195138228095,1598
TX_1,FOODS_3,2016-05-20,1772,1553.6903154317947,1766
TX_1,FOODS_3,2016-05-21,1929,1857.4720739144066,1828
TX_1,FOODS_3,2016-05-22,2159,1988.5687723663773,2282
TX_1,HOBBIES_1,2016-04-25,205,217.4899658712773,183
TX_1,HOBBIES_1,2016-04-26,187,229.29280744389214,259
TX_1,HOBBIES_1,2016-04-27,224,221.23240232325864,240
TX_1,HOBBIES_1,2016-04-28,248,206.57248713316972,192
TX_1,HOBBIES_1,2016-04-29,249,252.68712017976267,240
TX_1,HOBBIES_1,2016-04-30,386,326.26631582596104,254
TX_1,HOBBIES_1,2016-05-01,333,280.5559129846729,345
TX_1,HOBBIES_1,2016-05-02,175,232.78743605624314,205
TX_1,HOBBIES_1,2016-05-03,227,224.7192821094857,187
TX_1,HOBBIES_1,2016-05-04,225,233.2311635010728,224
TX_1,HOBBIES_1,2016-05-05,198,214.04754585199913,248
TX_1,HOBBIES_1,2016-05-06,226,260.2642643389059,249
TX_1,HOBBIES_1,2016-05-07,298,333.48771378808004,386
TX_1,HOBBIES_1,2016-05-08,247,271.2602336742658,333
TX_1,HOBBIES_1,2016-05-09,229,219.6848970467759,175
TX_1,HOBBIES_1,2016-05-10,213,209.63497942479972,227
TX_1,HOBBIES_1,2016-05-11,256,223.47988994124947,225
TX_1,HOBBIES_1,2016-05-12,289,213.6796262610059,198
TX_1,HOBBIES_1,2016-05-13,241,245.9312222045391,226
TX_1,HOBBIES_1,2016-05-14,207,287.39062951572953,298
TX_1,HOBBIES_1,2016-05-15,323,308.7825535876235,247
TX_1,HOBBIES_1,2016-05-16,372,217.35969739384112,229
TX_1,HOBBIES_1,2016-05-17,210,242.72754024946252,213
TX_1,HOBBIES_1,2016-05-18,200,243.40914523768012,256
TX_1,HOBBIES_1,2016-05-19,187,229.88774124221104,289
TX_1,HOBBIES_1,2016-05-20,234,252.93546363303176,241
TX_1,HOBBIES_1,2016-05-21,346,271.7428393826495,207
TX_1,HOBBIES_1,2016-05-22,376,326.17207628716375,323
TX_1,HOBBIES_2,2016-04-25,48,31.479328979322403,33
TX_1,HOBBIES_2,2016-04-26,50,33.64517946745583,33
TX_1,HOBBIES_2,2016-04-27,39,35.40103473584551,33
TX_1,HOBBIES_2,2016-04-28,44,34.975099969717874,27
TX_1,HOBBIES_2,2016-04-29,37,38.95573363500676,31
TX_1,HOBBIES_2,2016-04-30,34,40.95591931504633,35
TX_1,HOBBIES_2,2016-05-01,45,36.33195527089232,27
TX_1,HOBBIES_2,2016-05-02,39,40.21957323257966,48
TX_1,HOBBIES_2,2016-05-03,51,40.79487470611919,50
TX_1,HOBBIES_2,2016-05-04,34,40.36893993999155,39
TX_1,HOBBIES_2,2016-05-05,46,36.02125678405769,44
TX_1,HOBBIES_2,2016-05-06,26,39.91482752074716,37
TX_1,HOBBIES_2,2016-05-07,36,43.110266541930415,34
TX_1,HOBBIES_2,2016-05-08,48,36.75789003701996,45
TX_1,HOBBIES_2,2016-05-09,32,38.985878048017156,39
TX_1,HOBBIES_2,2016-05-10,33,38.7093099893014,51
TX_1,HOBBIES_2,2016-05-11,32,36.36012862158597,34
TX_1,HOBBIES_2,2016-05-12,37,36.36012862158597,46
TX_1,HOBBIES_2,2016-05-13,46,37.03247413569894,26
TX_1,HOBBIES_2,2016-05-14,27,43.536201308058054,36
TX_1,HOBBIES_2,2016-05-15,67,38.46727151846434,48
TX_1,HOBBIES_2,2016-05-16,71,38.55994328188952,32
TX_1,HOBBIES_2,2016-05-17,68,42.66678880586713,33
TX_1,HOBBIES_2,2016-05-18,57,45.87322073267043,32
TX_1,HOBBIES_2,2016-05-19,42,47.443018150897714,37
TX_1,HOBBIES_2,2016-05-20,47,53.25178726245563,46
TX_1,HOBBIES_2,2016-05-21,40,56.87316104976654,27
TX_1,HOBBIES_2,2016-05-22,62,54.243018429051396,67
TX_1,HOUSEHOLD_1,2016-04-25,670,707.9504396114231,626
TX_1,HOUSEHOLD_1,2016-04-26,648,604.6361828825245,681
TX_1,HOUSEHOLD_1,2016-04-27,614,644.8103755498457,637
TX_1,HOUSEHOLD_1,2016-04-28,592,625.5595156187559,605
TX_1,HOUSEHOLD_1,2016-04-29,904,768.7455650670112,696
TX_1,HOUSEHOLD_1,2016-04-30,868,826.1221699926803,865
TX_1,HOUSEHOLD_1,2016-05-01,1005,874.8453040459744,942
TX_1,HOUSEHOLD_1,2016-05-02,722,688.4034440246271,670
TX_1,HOUSEHOLD_1,2016-05-03,733,682.6831863025341,648
TX_1,HOUSEHOLD_1,2016-05-04,625,645.5146774514241,614
TX_1,HOUSEHOLD_1,2016-05-05,606,583.4973050278245,592
TX_1,HOUSEHOLD_1,2016-05-06,682,790.4863646789275,904
TX_1,HOUSEHOLD_1,2016-05-07,827,886.1230740971374,868
TX_1,HOUSEHOLD_1,2016-05-08,629,865.9953250923651,1005
TX_1,HOUSEHOLD_1,2016-05-09,661,696.4428204780769,722
TX_1,HOUSEHOLD_1,2016-05-10,590,646.1024000213334,733
TX_1,HOUSEHOLD_1,2016-05-11,638,558.7112480613362,625
TX_1,HOUSEHOLD_1,2016-05-12,599,606.2262399046125,606
TX_1,HOUSEHOLD_1,2016-05-13,742,655.872466121169,682
TX_1,HOUSEHOLD_1,2016-05-14,875,830.3771314618756,827
TX_1,HOUSEHOLD_1,2016-05-15,1195,803.2683450464289,629
TX_1,HOUSEHOLD_1,2016-05-16,837,667.4078525091086,661
TX_1,HOUSEHOLD_1,2016-05-17,755,645.8924985257631,590
TX_1,HOUSEHOLD_1,2016-05-18,746,674.7529705309346,638
TX_1,HOUSEHOLD_1,2016-05-19,602,691.4699678885124,599
TX_1,HOUSEHOLD_1,2016-05-20,796,758.9780058686767,742
TX_1,HOUSEHOLD_1,2016-05-21,949,950.8428636127616,875
TX_1,HOUSEHOLD_1,2016-05-22,1027,1022.3247759988881,1195
TX_1,HOUSEHOLD_2,2016-04-25,150,170.6292829547921,134
TX_1,HOUSEHOLD_2,2016-04-26,178,168.81867741606092,171
TX_1,HOUSEHOLD_2,2016-04-27,157,176.5584866144802,157
TX_1,HOUSEHOLD_2,2016-04-28,157,174.68879858366208,175
TX_1,HOUSEHOLD_2,2016-04-29,221,182.62508877830717,133
TX_1,HOUSEHOLD_2,2016-04-30,221,216.75420335871252,227
TX_1,HOUSEHOLD_2,2016-05-01,260,223.01960367981266,228
TX_1,HOUSEHOLD_2,2016-05-02,173,175.84204909589852,150
TX_1,HOUSEHOLD_2,2016-05-03,198,180.4607225095165,178
TX_1,HOUSEHOLD_2,2016-05-04,176,176.85223247749317,157
TX_1,HOUSEHOLD_2,2016-05-05,186,188.82298073479848,157
TX_1,HOUSEHOLD_2,2016-05-06,190,207.39053106013526,221
TX_1,HOUSEHOLD_2,2016-05-07,270,243.72751408878224,221
TX_1,HOUSEHOLD_2,2016-05-08,227,232.57005801991878,260
TX_1,HOUSEHOLD_2,2016-05-09,184,186.49909397832505,173
TX_1,HOUSEHOLD_2,2016-05-10,207,182.6259522337101,198
TX_1,HOUSEHOLD_2,2016-05-11,174,181.14276051693707,176
TX_1,HOUSEHOLD_2,2016-05-12,215,186.89753371264763,186
TX_1,HOUSEHOLD_2,2016-05-13,178,200.48069338845525,190
TX_1,HOUSEHOLD_2,2016-05-14,150,252.60676136369918,270
TX_1,HOUSEHOLD_2,2016-05-15,279,226.2265297517885,227
TX_1,HOUSEHOLD_2,2016-05-16,235,179.7575591830461,184
TX_1,HOUSEHOLD_2,2016-05-17,251,188.3061096484797,207
TX_1,HOUSEHOLD_2,2016-05-18,220,184.12689817817855,174
TX_1,HOUSEHOLD_2,2016-05-19,153,197.5919696507489,215
TX_1,HOUSEHOLD_2,2016-05-20,203,195.61961042053713,178
TX_1,HOUSEHOLD_2,2016-05-21,228,229.38009110412605,150
TX_1,HOUSEHOLD_2,2016-05-22,259,257.94361433420954,279
TX_2,FOODS_1,2016-04-25,216,204.62875982106274,220
TX_2,FOODS_1,2016-04-26,211,203.375568051353,227
TX_2,FOODS_1,2016-04-27,207,214.7376731333554,221
TX_2,FOODS_1,2016-04-28,257,210.0562073389096,207
TX_2,FOODS_1,2016-04-29,295,255.3567043233975,235
TX_2,FOODS_1,2016-04-30,303,273.22476095622505,280
TX_2,FOODS_1,2016-05-01,331,243.47219140555936,220
TX_2,FOODS_1,2016-05-02,301,227.2538796186125,216
TX_2,FOODS_1,2016-05-03,276,240.53569055314412,211
TX_2,FOODS_1,2016-05-04,234,244.20647503737158,207
TX_2,FOODS_1,2016-05-05,341,234.0272581139627,257
TX_2,FOODS_1,2016-05-06,327,283.2463642780473,295
TX_2,FOODS_1,2016-05-07,429,324.71432405276096,303
TX_2,FOODS_1,2016-05-08,363,299.74100668904697,331
TX_2,FOODS_1,2016-05-09,259,278.45835793328376,301
TX_2,FOODS_1,2016-05-10,257,268.28020347122765,276
TX_2,FOODS_1,2016-05-11,252,268.4089022567392,234
TX_2,FOODS_1,2016-05-12,315,279.1436891491879,341
TX_2,FOODS_1,2016-05-13,349,302.238419996276,327
TX_2,FOODS_1,2016-05-14,317,342.600195923238,429
TX_2,FOODS_1,2016-05-15,367,309.64739258449146,363
TX_2,FOODS_1,2016-05-16,239,267.15825437673595,259
TX_2,FOODS_1,2016-05-17,264,263.2182093710809,257
TX_2,FOODS_1,2016-05-18,214,261.4002421762533,252
TX_2,FOODS_1,2016-05-19,264,258.67933917382425,315
TX_2,FOODS_1,2016-05-20,299,287.58431422698726,349
TX_2,FOODS_1,2016-05-21,389,317.4454923580656,317
TX_2,FOODS_1,2016-05-22,270,292.84844299848646,367
TX_2,FOODS_2,2016-04-25,467,403.0270000317035,413
TX_2,FOODS_2,2016-04-26,348,350.71957402777116,393
TX_2,FOODS_2,2016-04-27,308,329.35986517414443,376
TX_2,FOODS_2,2016-04-28,343,333.4642951742955,397
TX_2,FOODS_2,2016-04-29,377,379.92571059234575,363
TX_2,FOODS_2,2016-04-30,404,418.9625394905289,378
TX_2,FOODS_2,2016-05-01,507,437.25067007315937,482
TX_2,FOODS_2,2016-05-02,471,430.0164016016069,467
TX_2,FOODS_2,2016-05-03,434,382.77042835028385,348
TX_2,FOODS_2,2016-05-04,379,362.7675980342783,308
TX_2,FOODS_2,2016-05-05,345,331.85335318773906,343
TX_2,FOODS_2,2016-05-06,426,366.0110107600745,377
TX_2,FOODS_2,2016-05-07,440,494.1287696686625,404
TX_2,FOODS_2,2016-05-08,353,458.16888836872783,507
TX_2,FOODS_2,2016-05-09,544,433.3267176082939,471
TX_2,FOODS_2,2016-05-10,438,374.92943068141614,434
TX_2,FOODS_2,2016-05-11,424,367.73035614928676,379
TX_2,FOODS_2,2016-05-12,441,422.3847110798889,345
TX_2,FOODS_2,2016-05-13,422,399.95106039152836,426
TX_2,FOODS_2,2016-05-14,398,448.89618479059584,440
TX_2,FOODS_2,2016-05-15,597,491.3325378123958,353
TX_2,FOODS_2,2016-05-16,537,442.2934984484999,544
TX_2,FOODS_2,2016-05-17,439,408.71533300475255,438
TX_2,FOODS_2,2016-05-18,303,398.1196546775476,424
TX_2,FOODS_2,2016-05-19,396,396.74561421459146,441
TX_2,FOODS_2,2016-05-20,356,396.0587694883993,422
TX_2,FOODS_2,2016-05-21,491,445.8856228428854,398
TX_2,FOODS_2,2016-05-22,517,545.8305071992834,597
TX_2,FOODS_3,2016-04-25,1841,1776.2528392523384,1635
TX_2,FOODS_3,2016-04-26,1760,1568.7641786019733,1820
TX_2,FOODS_3,2016-04-27,1704,1642.1446221830765,1599
TX_2,FOODS_3,2016-04-28,1573,1655.5024924984511,1635
TX_2,FOODS_3,2016-04-29,1962,1880.583895835387,1949
TX_2,FOODS_3,2016-04-30,2170,2117.981799837762,2272
TX_2,FOODS_3,2016-05-01,2401,2430.075314245878,2151
TX_2,FOODS_3,2016-05-02,1720,1830.4458848341244,1841
TX_2,FOODS_3,2016-05-03,1942,1677.0222132955073,1760
TX_2,FOODS_3,2016-05-04,1768,1630.796837885116,1704
TX_2,FOODS_3,2016-05-05,1819,1700.4966299944545,1573
TX_2,FOODS_3,2016-05-06,2187,1927.983324646926,1962
TX_2,FOODS_3,2016-05-07,2279,2420.9270198636914,2170
TX_2,FOODS_3,2016-05-08,1937,2645.858295598868,2401
TX_2,FOODS_3,2016-05-09,2044,1877.9572412569105,1720
TX_2,FOODS_3,2016-05-10,1746,1669.6523674136868,1942
TX_2,FOODS_3,2016-05-11,1946,1618.472159550703,1768
TX_2,FOODS_3,2016-05-12,1944,1686.8465961607656,1819
TX_2,FOODS_3,2016-05-13,2193,2020.7828776124898,2187
TX_2,FOODS_3,2016-05-14,2174,2330.9178392053473,2279
TX_2,FOODS_3,2016-05-15,2923,2606.8249896167986,1937
TX_2,FOODS_3,2016-05-16,2082,1952.869917751843,2044
TX_2,FOODS_3,2016-05-17,1911,1909.3715454192486,1746
TX_2,FOODS_3,2016-05-18,1753,1832.090998980691,1946
TX_2,FOODS_3,2016-05-19,1454,1849.6887962435467,1944
TX_2,FOODS_3,2016-05-20,2082,2018.7455263413503,2193
TX_2,FOODS_3,2016-05-21,2305,2308.7157853152175,2174
TX_2,FOODS_3,2016-05-22,2567,2550.7141245093458,2923
TX_2,HOBBIES_1,2016-04-25,352,321.6792516831608,296
TX_2,HOBBIES_1,2016-04-26,364,284.939149653899,268
TX_2,HOBBIES_1,2016-04-27,247,298.06157848133665,339
TX_2,HOBBIES_1,2016-04-28,321,293.2024659927081,298
TX_2,HOBBIES_1,2016-04-29,375,351.9579171448068,335
TX_2,HOBBIES_1,2016-04-30,466,387.72726398093096,394
TX_2,HOBBIES_1,2016-05-01,399,362.3818728408491,361
TX_2,HOBBIES_1,2016-05-02,357,316.8384170884589,352
TX_2,HOBBIES_1,2016-05-03,377,307.7531782714315,364
TX_2,HOBBIES_1,2016-05-04,307,318.2343204394566,247
TX_2,HOBBIES_1,2016-05-05,296,302.27239305386956,321
TX_2,HOBBIES_1,2016-05-06,342,360.405874869126,375
TX_2,HOBBIES_1,2016-05-07,355,413.8260161154684,466
TX_2,HOBBIES_1,2016-05-08,375,378.86844895556584,399
TX_2,HOBBIES_1,2016-05-09,339,346.5294982206321,357
TX_2,HOBBIES_1,2016-05-10,343,338.14551993088907,377
TX_2,HOBBIES_1,2016-05-11,331,296.2012850744933,307
TX_2,HOBBIES_1,2016-05-12,381,322.8478162107271,296
TX_2,HOBBIES_1,2016-05-13,330,341.9871928307255,342
TX_2,HOBBIES_1,2016-05-14,333,399.1824937081767,355
TX_2,HOBBIES_1,2016-05-15,487,407.78542475200277,375
TX_2,HOBBIES_1,2016-05-16,288,323.7202434711409,339
TX_2,HOBBIES_1,2016-05-17,397,299.00680230680223,343
TX_2,HOBBIES_1,2016-05-18,321,327.7486472329091,331
TX_2,HOBBIES_1,2016-05-19,283,321.45102712197166,381
TX_2,HOBBIES_1,2016-05-20,401,344.8725115083402,330
TX_2,HOBBIES_1,2016-05-21,501,412.0234877301755,333
TX_2,HOBBIES_1,2016-05-22,515,421.6084864803984,487
TX_2,HOBBIES_2,2016-04-25,52,40.04718302180619,32
TX_2,HOBBIES_2,2016-04-26,54,44.1540285457838,31
TX_2,HOBBIES_2,2016-04-27,78,47.78639523871473,34
TX_2,HOBBIES_2,2016-04-28,45,48.295120930925194,42
TX_2,HOBBIES_2,2016-04-29,45,51.0294077594699,53
TX_2,HOBBIES_2,2016-04-30,56,53.02959343950948,42
TX_2,HOBBIES_2,2016-05-01,52,51.036558359919084,52
TX_2,HOBBIES_2,2016-05-02,86,52.072106038781826,52
TX_2,HOBBIES_2,2016-05-03,52,54.94532053295555,54
TX_2,HOBBIES_2,2016-05-04,69,54.94532053295555,78
TX_2,HOBBIES_2,2016-05-05,89,50.20064437800479,45
TX_2,HOBBIES_2,2016-05-06,73,57.67960736150025,45
TX_2,HOBBIES_2,2016-05-07,65,67.6502536276859,56
TX_2,HOBBIES_2,2016-05-08,46,61.62877299486568,52
TX_2,HOBBIES_2,2016-05-09,48,64.31214331096395,86
TX_2,HOBBIES_2,2016-05-10,50,56.03848013613798,52
TX_2,HOBBIES_2,2016-05-11,76,55.37125529908319,69
TX_2,HOBBIES_2,2016-05-12,61,57.68630277337347,89
TX_2,HOBBIES_2,2016-05-13,51,57.67960736150025,73
TX_2,HOBBIES_2,2016-05-14,41,57.72526382979406,65
TX_2,HOBBIES_2,2016-05-15,69,52.020638926065665,46
TX_2,HOBBIES_2,2016-05-16,55,51.646171272654186,48
TX_2,HOBBIES_2,2016-05-17,61,51.79553798006607,50
TX_2,HOBBIES_2,2016-05-18,64,54.94532053295555,76
TX_2,HOBBIES_2,2016-05-19,40,52.22147274619371,61
TX_2,HOBBIES_2,2016-05-20,41,54.529824808610776,51
TX_2,HOBBIES_2,2016-05-21,54,54.224846780653166,41
TX_2,HOBBIES_2,2016-05-22,62,55.521055975206544,69
TX_2,HOUSEHOLD_1,2016-04-25,776,684.1762330289977,581
TX_2,HOUSEHOLD_1,2016-04-26,597,688.114493401926,795
TX_2,HOUSEHOLD_1,2016-04-27,549,623.5923629809503,633
TX_2,HOUSEHOLD_1,2016-04-28,713,640.6406997775881,680
TX_2,HOUSEHOLD_1,2016-04-29,786,747.081507727414,756
TX_2,HOUSEHOLD_1,2016-04-30,857,813.9351226597848,857
TX_2,HOUSEHOLD_1,2016-05-01,919,824.1184866735391,782
TX_2,HOUSEHOLD_1,2016-05-02,705,739.9581342208119,776
TX_2,HOUSEHOLD_1,2016-05-03,813,689.065198565597,597
TX_2,HOUSEHOLD_1,2016-05-04,672,622.3861675142024,549
TX_2,HOUSEHOLD_1,2016-05-05,647,640.578221168354,713
TX_2,HOUSEHOLD_1,2016-05-06,731,742.353200909892,786
TX_2,HOUSEHOLD_1,2016-05-07,804,919.298278541389,857
TX_2,HOUSEHOLD_1,2016-05-08,730,825.334466645682,919
TX_2,HOUSEHOLD_1,2016-05-09,760,701.9929393817704,705
TX_2,HOUSEHOLD_1,2016-05-10,661,619.0673521997314,813
TX_2,HOUSEHOLD_1,2016-05-11,702,640.8656889531537,672
TX_2,HOUSEHOLD_1,2016-05-12,703,689.4755541108921,647
TX_2,HOUSEHOLD_1,2016-05-13,866,747.081507727414,731
TX_2,HOUSEHOLD_1,2016-05-14,925,939.2220763352681,804
TX_2,HOUSEHOLD_1,2016-05-15,1156,946.2401050965104,730
TX_2,HOUSEHOLD_1,2016-05-16,793,726.3765352187801,760
TX_2,HOUSEHOLD_1,2016-05-17,766,748.6073986142727,661
TX_2,HOUSEHOLD_1,2016-05-18,687,705.0677433318393,702
TX_2,HOUSEHOLD_1,2016-05-19,522,713.3326060788789,703
TX_2,HOUSEHOLD_1,2016-05-20,816,788.5341494091672,866
TX_2,HOUSEHOLD_1,2016-05-21,816,944.368172122368,925
TX_2,HOUSEHOLD_1,2016-05-22,1011,929.2006747184878,1156
TX_2,HOUSEHOLD_2,2016-04-25,179,180.39050806986234,134
TX_2,HOUSEHOLD_2,2016-04-26,168,184.2562316609219,193
TX_2,HOUSEHOLD_2,2016-04-27,163,181.85881062010372,182
TX_2,HOUSEHOLD_2,2016-04-28,189,190.8634518280554,187
TX_2,HOUSEHOLD_2,2016-04-29,183,210.11306659684857,211
TX_2,HOUSEHOLD_2,2016-04-30,252,242.51180129742207,260
TX_2,HOUSEHOLD_2,2016-05-01,263,213.40520648836514,244
TX_2,HOUSEHOLD_2,2016-05-02,191,190.1893156666761,179
TX_2,HOUSEHOLD_2,2016-05-03,194,181.78437326948003,168
TX_2,HOUSEHOLD_2,2016-05-04,183,177.16870988103955,163
TX_2,HOUSEHOLD_2,2016-05-05,171,182.61940190706335,189
TX_2,HOUSEHOLD_2,2016-05-06,204,212.1366390234329,183
TX_2,HOUSEHOLD_2,2016-05-07,247,270.56966489775306,252
TX_2,HOUSEHOLD_2,2016-05-08,231,235.17192795877253,263
TX_2,HOUSEHOLD_2,2016-05-09,178,202.7552262541061,191
TX_2,HOUSEHOLD_2,2016-05-10,201,187.55882233744947,194
TX_2,HOUSEHOLD_2,2016-05-11,168,180.11365811119114,183
TX_2,HOUSEHOLD_2,2016-05-12,174,189.12145280617975,171
TX_2,HOUSEHOLD_2,2016-05-13,204,209.90521840403403,204
TX_2,HOUSEHOLD_2,2016-05-14,236,241.1256441499285,247
TX_2,HOUSEHOLD_2,2016-05-15,267,237.24510403833983,231
TX_2,HOUSEHOLD_2,2016-05-16,185,181.00341849906505,178
TX_2,HOUSEHOLD_2,2016-05-17,170,187.96058894200925,201
TX_2,HOUSEHOLD_2,2016-05-18,176,181.851344872793,168
TX_2,HOUSEHOLD_2,2016-05-19,167,183.05304758410887,174
TX_2,HOUSEHOLD_2,2016-05-20,254,211.5358999120719,204
TX_2,HOUSEHOLD_2,2016-05-21,246,248.48513499107543,236
TX_2,HOUSEHOLD_2,2016-05-22,275,248.7439234919589,267
TX_3,FOODS_1,2016-04-25,218,232.0611154439321,176
TX_3,FOODS_1,2016-04-26,305,229.226614620937,248
TX_3,FOODS_1,2016-04-27,298,226.905983580086,247
TX_3,FOODS_1,2016-04-28,326,245.2231384979444,302
TX_3,FOODS_1,2016-04-29,428,323.5138203479169,259
TX_3,FOODS_1,2016-04-30,355,303.8598800828523,250
TX_3,FOODS_1,2016-05-01,316,270.98118983583277,209
TX_3,FOODS_1,2016-05-02,361,278.97394280854456,218
TX_3,FOODS_1,2016-05-03,463,297.6983678619319,305
TX_3,FOODS_1,2016-05-04,291,314.5445095600672,298
TX_3,FOODS_1,2016-05-05,359,278.71978098373273,326
TX_3,FOODS_1,2016-05-06,332,339.1637132592454,428
TX_3,FOODS_1,2016-05-07,494,372.873117409519,355
TX_3,FOODS_1,2016-05-08,407,333.75373133414695,316
TX_3,FOODS_1,2016-05-09,308,331.2750277062626,361
TX_3,FOODS_1,2016-05-10,302,325.10662069928327,463
TX_3,FOODS_1,2016-05-11,300,302.89416841700955,291
TX_3,FOODS_1,2016-05-12,303,333.96650740541753,359
TX_3,FOODS_1,2016-05-13,434,325.7222860821281,332
TX_3,FOODS_1,2016-05-14,326,393.4647806244303,494
TX_3,FOODS_1,2016-05-15,342,339.29023678132586,407
TX_3,FOODS_1,2016-05-16,324,283.1329439941501,308
TX_3,FOODS_1,2016-05-17,298,288.540868218314,302
TX_3,FOODS_1,2016-05-18,294,288.540868218314,300
TX_3,FOODS_1,2016-05-19,355,296.8727366923853,303
TX_3,FOODS_1,2016-05-20,400,323.1729909545388,434
TX_3,FOODS_1,2016-05-21,312,350.1944588985121,326
TX_3,FOODS_1,2016-05-22,294,332.5177174472725,342
TX_3,FOODS_2,2016-04-25,482,426.6163772001193,432
TX_3,FOODS_2,2016-04-26,383,394.95759479029897,505
TX_3,FOODS_2,2016-04-27,344,360.8784995455915,439
TX_3,FOODS_2,2016-04-28,372,361.9479584417254,426
TX_3,FOODS_2,2016-04-29,492,495.89033303637996,447
TX_3,FOODS_2,2016-04-30,357,448.48743976453085,376
TX_3,FOODS_2,2016-05-01,652,507.8997135976163,435
TX_3,FOODS_2,2016-05-02,499,444.09864821715917,482
TX_3,FOODS_2,2016-05-03,580,437.20202159781,383
TX_3,FOODS_2,2016-05-04,345,464.08945347431404,344
TX_3,FOODS_2,2016-05-05,523,441.7932213766936,372
TX_3,FOODS_2,2016-05-06,521,458.4096301846321,492
TX_3,FOODS_2,2016-05-07,565,617.2490494966509,357
TX_3,FOODS_2,2016-05-08,421,583.6258343150913,652
TX_3,FOODS_2,2016-05-09,618,544.1156491839197,499
TX_3,FOODS_2,2016-05-10,492,569.0697536091313,580
TX_3,FOODS_2,2016-05-11,569,489.48031421064417,345
TX_3,FOODS_2,2016-05-12,571,475.9590001748432,523
TX_3,FOODS_2,2016-05-13,500,501.929189990981,521
TX_3,FOODS_2,2016-05-14,522,566.7040723395958,565
TX_3,FOODS_2,2016-05-15,779,589.6012053858882,421
TX_3,FOODS_2,2016-05-16,616,502.73152504431437,618
TX_3,FOODS_2,2016-05-17,488,497.34409317775027,492
TX_3,FOODS_2,2016-05-18,443,492.18351596205923,569
TX_3,FOODS_2,2016-05-19,378,474.23326847961295,571
TX_3,FOODS_2,2016-05-20,458,479.6531221878745,500
TX_3,FOODS_2,2016-05-21,511,502.28915383613315,522
TX_3,FOODS_2,2016-05-22,568,565.5494848202626,779
TX_3,FOODS_3,2016-04-25,1727,1629.120187756635,1524
TX_3,FOODS_3,2016-04-26,1684,1373.6298027712462,1760
TX_3,FOODS_3,2016-04-27,1542,1393.9739058664009,1526
TX_3,FOODS_3,2016-04-28,1584,1454.4661786344836,1423
TX_3,FOODS_3,2016-04-29,1926,1686.1560326777912,1664
TX_3,FOODS_3,2016-04-30,1819,1688.377018203986,1974
TX_3,FOODS_3,2016-05-01,2299,2102.253615817519,1777
TX_3,FOODS_3,2016-05-02,1719,1654.4845253970361,1727
TX_3,FOODS_3,2016-05-03,1975,1526.4771082445168,1684
TX_3,FOODS_3,2016-05-04,1599,1676.2147746209248,1542
TX_3,FOODS_3,2016-05-05,1736,1661.893777405898,1584
TX_3,FOODS_3,2016-05-06,1911,1787.3644268421885,1926
TX_3,FOODS_3,2016-05-07,2325,2067.774304934003,1819
TX_3,FOODS_3,2016-05-08,2036,2347.822605951584,2299
TX_3,FOODS_3,2016-05-09,2071,1811.145561826012,1719
TX_3,FOODS_3,2016-05-10,1826,1696.1568263310203,1975
TX_3,FOODS_3,2016-05-11,1873,1627.6576512104716,1599
TX_3,FOODS_3,2016-05-12,2058,1672.5291991511042,1736
TX_3,FOODS_3,2016-05-13,2068,1864.516194306747,1911
TX_3,FOODS_3,2016-05-14,1830,2263.822759873873,2325
TX_3,FOODS_3,2016-05-15,2519,2392.2424936782613,2036
TX_3,FOODS_3,2016-05-16,1914,1782.4175120799737,2071
TX_3,FOODS_3,2016-05-17,1738,1675.8059211449581,1826
TX_3,FOODS_3,2016-05-18,1665,1658.3606012407854,1873
TX_3,FOODS_3,2016-05-19,1472,1593.2709988328613,2058
TX_3,FOODS_3,2016-05-20,1986,1773.8999472044568,2068
TX_3,FOODS_3,2016-05-21,2222,2058.9631068615677,1830
TX_3,FOODS_3,2016-05-22,2384,2025.6638319024644,2519
TX_3,HOBBIES_1,2016-04-25,289,289.97148101180335,246
TX_3,HOBBIES_1,2016-04-26,313,295.79034332770794,340
TX_3,HOBBIES_1,2016-04-27,323,292.76640702401426,289
TX_3,HOBBIES_1,2016-04-28,353,291.2395669783633,266
TX_3,HOBBIES_1,2016-04-29,371,375.11093111446314,346
TX_3,HOBBIES_1,2016-04-30,468,426.66688337338326,425
TX_3,HOBBIES_1,2016-05-01,429,398.1026447490038,433
TX_3,HOBBIES_1,2016-05-02,375,338.62151655506733,289
TX_3,HOBBIES_1,2016-05-03,397,315.42560705869255,313
TX_3,HOBBIES_1,2016-05-04,243,325.6066661268943,323
TX_3,HOBBIES_1,2016-05-05,317,295.7613215537836,353
TX_3,HOBBIES_1,2016-05-06,344,363.20154732741497,371
TX_3,HOBBIES_1,2016-05-07,422,424.73105952763007,468
TX_3,HOBBIES_1,2016-05-08,332,379.8871226527667,429
TX_3,HOBBIES_1,2016-05-09,364,346.1845761034677,375
TX_3,HOBBIES_1,2016-05-10,331,339.6948676630264,397
TX_3,HOBBIES_1,2016-05-11,336,310.7091543988472,243
TX_3,HOBBIES_1,2016-05-12,257,313.72566133404854,317
TX_3,HOBBIES_1,2016-05-13,301,369.43567705589624,344
TX_3,HOBBIES_1,2016-05-14,287,404.93392722326865,422
TX_3,HOBBIES_1,2016-05-15,443,379.3226130655114,332
TX_3,HOBBIES_1,2016-05-16,350,297.6577820995271,364
TX_3,HOBBIES_1,2016-05-17,368,316.342428703115,331
TX_3,HOBBIES_1,2016-05-18,321,300.4070659399688,336
TX_3,HOBBIES_1,2016-05-19,235,286.8521766059702,257
TX_3,HOBBIES_1,2016-05-20,371,334.4342837507971,301
TX_3,HOBBIES_1,2016-05-21,445,394.69931131456116,287
TX_3,HOBBIES_1,2016-05-22,471,438.4335877875422,443
TX_3,HOBBIES_2,2016-04-25,36,55.2218885916713,40
TX_3,HOBBIES_2,2016-04-26,39,54.53652022048399,94
TX_3,HOBBIES_2,2016-04-27,83,47.78639523871473,45
TX_3,HOBBIES_2,2016-04-28,78,52.8886975832485,57
TX_3,HOBBIES_2,2016-04-29,75,57.67960736150025,51
TX_3,HOBBIES_2,2016-04-30,52,59.67979304153984,72
TX_3,HOBBIES_2,2016-05-01,56,54.18634091280856,48
TX_3,HOBBIES_2,2016-05-02,68,55.2218885916713,36
TX_3,HOBBIES_2,2016-05-03,59,62.14646254408555,39
TX_3,HOBBIES_2,2016-05-04,94,64.0095666780994,83
TX_3,HOBBIES_2,2016-05-05,90,60.125634175896614,78
TX_3,HOBBIES_2,2016-05-06,69,65.12203944355738,75
TX_3,HOBBIES_2,2016-05-07,55,67.6502536276859,52
TX_3,HOBBIES_2,2016-05-08,45,60.96154815781089,56
TX_3,HOBBIES_2,2016-05-09,83,61.99709583667366,68
TX_3,HOBBIES_2,2016-05-10,49,62.14646254408555,59
TX_3,HOBBIES_2,2016-05-11,65,64.46151001837585,94
TX_3,HOBBIES_2,2016-05-12,54,64.46151001837585,90
TX_3,HOBBIES_2,2016-05-13,59,57.67960736150025,69
TX_3,HOBBIES_2,2016-05-14,38,61.542271219738325,55
TX_3,HOBBIES_2,2016-05-15,72,57.31137296171871,45
TX_3,HOBBIES_2,2016-05-16,69,56.41776788863035,83
TX_3,HOBBIES_2,2016-05-17,95,59.14824553005735,49
TX_3,HOBBIES_2,2016-05-18,93,62.14646254408555,65
TX_3,HOBBIES_2,2016-05-19,43,62.14646254408555,54
TX_3,HOBBIES_2,2016-05-20,38,64.4548146065026,59
TX_3,HOBBIES_2,2016-05-21,54,61.542271219738325,38
TX_3,HOBBIES_2,2016-05-22,57,65.44604577309838,72
TX_3,HOUSEHOLD_1,2016-04-25,800,662.842757280384,602
TX_3,HOUSEHOLD_1,2016-04-26,713,680.3582684388361,802
TX_3,HOUSEHOLD_1,2016-04-27,601,629.0984118275696,611
TX_3,HOUSEHOLD_1,2016-04-28,680,749.6421304911966,745
TX_3,HOUSEHOLD_1,2016-04-29,946,844.7736532928744,793
TX_3,HOUSEHOLD_1,2016-04-30,872,904.8385371419448,801
TX_3,HOUSEHOLD_1,2016-05-01,937,810.8363277260886,864
TX_3,HOUSEHOLD_1,2016-05-02,820,780.8539497651849,800
TX_3,HOUSEHOLD_1,2016-05-03,983,699.6306830288518,713
TX_3,HOUSEHOLD_1,2016-05-04,715,711.4946081115471,601
TX_3,HOUSEHOLD_1,2016-05-05,754,687.6254395823676,680
TX_3,HOUSEHOLD_1,2016-05-06,709,820.0016976302072,946
TX_3,HOUSEHOLD_1,2016-05-07,875,950.8428636127616,872
TX_3,HOUSEHOLD_1,2016-05-08,713,875.4727415940023,937
TX_3,HOUSEHOLD_1,2016-05-09,806,759.6471598302107,820
TX_3,HOUSEHOLD_1,2016-05-10,674,719.2048925158409,983
TX_3,HOUSEHOLD_1,2016-05-11,687,634.1323655126921,715
TX_3,HOUSEHOLD_1,2016-05-12,676,651.6125856796223,754
TX_3,HOUSEHOLD_1,2016-05-13,739,719.2233159501372,709
TX_3,HOUSEHOLD_1,2016-05-14,917,866.9018492403978,875
TX_3,HOUSEHOLD_1,2016-05-15,1002,896.7154733900393,713
TX_3,HOUSEHOLD_1,2016-05-16,885,682.9958175535256,806
TX_3,HOUSEHOLD_1,2016-05-17,862,719.6948796524837,674
TX_3,HOUSEHOLD_1,2016-05-18,737,705.8484137041793,687
TX_3,HOUSEHOLD_1,2016-05-19,631,728.0008750234649,676
TX_3,HOUSEHOLD_1,2016-05-20,935,797.3843251028693,739
TX_3,HOUSEHOLD_1,2016-05-21,955,937.1555804978251,917
TX_3,HOUSEHOLD_1,2016-05-22,980,982.4054062484032,1002
TX_3,HOUSEHOLD_2,2016-04-25,151,152.45875294743178,127
TX_3,HOUSEHOLD_2,2016-04-26,141,159.58584665511358,189
TX_3,HOUSEHOLD_2,2016-04-27,144,146.34578231623507,158
TX_3,HOUSEHOLD_2,2016-04-28,157,149.04635486117567,161
TX_3,HOUSEHOLD_2,2016-04-29,214,165.9075876676651,131
TX_3,HOUSEHOLD_2,2016-04-30,211,201.89025849296337,185
TX_3,HOUSEHOLD_2,2016-05-01,220,191.1531070085579,191
TX_3,HOUSEHOLD_2,2016-05-02,187,169.58369732042303,151
TX_3,HOUSEHOLD_2,2016-05-03,187,155.7731520724606,141
TX_3,HOUSEHOLD_2,2016-05-04,171,165.50402429886182,144
TX_3,HOUSEHOLD_2,2016-05-05,176,165.86881216851737,157
TX_3,HOUSEHOLD_2,2016-05-06,169,204.3298595555977,214
TX_3,HOUSEHOLD_2,2016-05-07,190,217.08496451480931,211
TX_3,HOUSEHOLD_2,2016-05-08,200,205.3196678530472,220
TX_3,HOUSEHOLD_2,2016-05-09,176,174.4155854377234,187
TX_3,HOUSEHOLD_2,2016-05-10,190,172.84591763687996,187
TX_3,HOUSEHOLD_2,2016-05-11,187,162.98741644225325,171
TX_3,HOUSEHOLD_2,2016-05-12,202,175.81041585331081,176
TX_3,HOUSEHOLD_2,2016-05-13,194,193.51463794123123,169
TX_3,HOUSEHOLD_2,2016-05-14,235,220.39336911835971,190
TX_3,HOUSEHOLD_2,2016-05-15,226,213.01439787861312,200
TX_3,HOUSEHOLD_2,2016-05-16,183,177.82692603829673,176
TX_3,HOUSEHOLD_2,2016-05-17,203,184.58719841316992,190
TX_3,HOUSEHOLD_2,2016-05-18,157,184.26514037838038,187
TX_3,HOUSEHOLD_2,2016-05-19,174,181.08864791761206,202
TX_3,HOUSEHOLD_2,2016-05-20,202,186.78134597515322,194
TX_3,HOUSEHOLD_2,2016-05-21,213,219.11867662468606,235
TX_3,HOUSEHOLD_2,2016-05-22,220,212.24411956352768,226
WI_1,FOODS_1,2016-04-25,243,281.62528635405886,268
WI_1,FOODS_1,2016-04-26,288,272.9843067399218,286
WI_1,FOODS_1,2016-04-27,261,278.7171544145668,282
WI_1,FOODS_1,2016-04-28,313,275.49627065001056,301
WI_1,FOODS_1,2016-04-29,393,331.2558357914909,339
WI_1,FOODS_1,2016-04-30,513,385.8045088451806,430
WI_1,FOODS_1,2016-05-01,412,324.4030447588871,342
WI_1,FOODS_1,2016-05-02,325,292.9560187035764,243
WI_1,FOODS_1,2016-05-03,340,305.4076781693519,288
WI_1,FOODS_1,2016-05-04,414,310.5813522356067,261
WI_1,FOODS_1,2016-05-05,375,275.24679434837265,313
WI_1,FOODS_1,2016-05-06,361,366.6151687370719,393
WI_1,FOODS_1,2016-05-07,523,489.33260184401246,513
WI_1,FOODS_1,2016-05-08,348,372.94208257037167,412
WI_1,FOODS_1,2016-05-09,305,324.5870956607546,325
WI_1,FOODS_1,2016-05-10,364,330.5071758370968,340
WI_1,FOODS_1,2016-05-11,385,324.4526132112541,414
WI_1,FOODS_1,2016-05-12,345,322.4096077491281,375
WI_1,FOODS_1,2016-05-13,375,347.5006879556574,361
WI_1,FOODS_1,2016-05-14,478,416.1168755965388,523
WI_1,FOODS_1,2016-05-15,420,384.9316939419645,348
WI_1,FOODS_1,2016-05-16,307,323.41035889974404,305
WI_1,FOODS_1,2016-05-17,341,323.95895548126543,364
WI_1,FOODS_1,2016-05-18,292,323.95895548126543,385
WI_1,FOODS_1,2016-05-19,374,318.6798317676286,345
WI_1,FOODS_1,2016-05-20,388,361.7652598771882,375
WI_1,FOODS_1,2016-05-21,378,451.22450934102113,478
WI_1,FOODS_1,2016-05-22,352,394.74446213368407,420
WI_1,FOODS_2,2016-04-25,547,566.5035163712848,549
WI_1,FOODS_2,2016-04-26,472,503.59797139891435,537
WI_1,FOODS_2,2016-04-27,479,479.71627125795516,510
WI_1,FOODS_2,2016-04-28,481,475.876312971882,502
WI_1,FOODS_2,2016-04-29,580,637.4799950177828,578
WI_1,FOODS_2,2016-04-30,871,701.5947903268656,711
WI_1,FOODS_2,2016-05-01,1047,745.0978649799081,807
WI_1,FOODS_2,2016-05-02,641,619.722686652765,547
WI_1,FOODS_2,2016-05-03,634,617.821012888638,472
WI_1,FOODS_2,2016-05-04,593,599.7606517585466,479
WI_1,FOODS_2,2016-05-05,643,563.3509394381318,481
WI_1,FOODS_2,2016-05-06,610,654.1537115996481,580
WI_1,FOODS_2,2016-05-07,888,921.704109093497,871
WI_1,FOODS_2,2016-05-08,704,884.3475593109854,1047
WI_1,FOODS_2,2016-05-09,783,660.4621261402602,641
WI_1,FOODS_2,2016-05-10,572,624.4173806838844,634
WI_1,FOODS_2,2016-05-11,741,588.9455347061669,593
WI_1,FOODS_2,2016-05-12,598,610.355302538151,643
WI_1,FOODS_2,2016-05-13,665,666.5106559644946,610
WI_1,FOODS_2,2016-05-14,982,819.0510712972357,888
WI_1,FOODS_2,2016-05-15,1068,842.3127932960774,704
WI_1,FOODS_2,2016-05-16,587,654.8769894006246,783
WI_1,FOODS_2,2016-05-17,602,624.1883541933604,572
WI_1,FOODS_2,2016-05-18,510,613.1270352716595,741
WI_1,FOODS_2,2016-05-19,501,584.2789330550893,598
WI_1,FOODS_2,2016-05-20,501,634.5358070330309,665
WI_1,FOODS_2,2016-05-21,672,820.1008902889932,982
WI_1,FOODS_2,2016-05-22,809,871.6092003743283,1068
WI_1,FOODS_3,2016-04-25,1419,1437.3035359903076,1465
WI_1,FOODS_3,2016-04-26,1375,1401.9671224643748,1312
WI_1,FOODS_3,2016-04-27,1477,1378.2914099068485,1498
WI_1,FOODS_3,2016-04-28,1397,1387.1097027357287,1482
WI_1,FOODS_3,2016-04-29,1801,1717.6021029458252,1873
WI_1,FOODS_3,2016-04-30,2292,1832.7396192752553,2101
WI_1,FOODS_3,2016-05-01,2302,2053.9690283443947,2168
WI_1,FOODS_3,2016-05-02,1494,1481.4734277030527,1419
WI_1,FOODS_3,2016-05-03,1456,1460.5353196825251,1375
WI_1,FOODS_3,2016-05-04,1463,1412.9965830482447,1477
WI_1,FOODS_3,2016-05-05,1596,1410.0152696796404,1397
WI_1,FOODS_3,2016-05-06,1918,1673.0071704516674,1801
WI_1,FOODS_3,2016-05-07,2376,2317.426225507752,2292
WI_1,FOODS_3,2016-05-08,1919,2246.0548883389956,2302
WI_1,FOODS_3,2016-05-09,1821,1563.7163462718704,1494
WI_1,FOODS_3,2016-05-10,1416,1471.473467199493,1456
WI_1,FOODS_3,2016-05-11,1645,1448.8179736038153,1463
WI_1,FOODS_3,2016-05-12,1638,1521.4720764298795,1596
WI_1,FOODS_3,2016-05-13,1699,1770.0194282169002,1918
WI_1,FOODS_3,2016-05-14,2452,2247.656741693228,2376
WI_1,FOODS_3,2016-05-15,2427,2258.8384592886296,1919
WI_1,FOODS_3,2016-05-16,1686,1672.774512875043,1821
WI_1,FOODS_3,2016-05-17,1487,1522.834225234778,1416
WI_1,FOODS_3,2016-05-18,1481,1600.011196234565,1645
WI_1,FOODS_3,2016-05-19,1535,1580.4339489086362,1638
WI_1,FOODS_3,2016-05-20,1727,1801.2866563343123,1699
WI_1,FOODS_3,2016-05-21,2345,2251.160102448257,2452
WI_1,FOODS_3,2016-05-22,2295,2324.2949205866826,2427
WI_1,HOBBIES_1,2016-04-25,368,333.94865164607796,305
WI_1,HOBBIES_1,2016-04-26,435,329.31790033677015,370
WI_1,HOBBIES_1,2016-04-27,417,340.65935441870766,313
WI_1,HOBBIES_1,2016-04-28,395,352.28552277311394,363
WI_1,HOBBIES_1,2016-04-29,391,450.5194114444734,389
WI_1,HOBBIES_1,2016-04-30,504,509.8819680876004,483
WI_1,HOBBIES_1,2016-05-01,451,468.5573424455164,525
WI_1,HOBBIES_1,2016-05-02,359,360.7286442258419,368
WI_1,HOBBIES_1,2016-05-03,312,355.1986619088129,435
WI_1,HOBBIES_1,2016-05-04,292,340.9631222841561,417
WI_1,HOBBIES_1,2016-05-05,336,322.8497233680905,395
WI_1,HOBBIES_1,2016-05-06,383,397.87281676931326,391
WI_1,HOBBIES_1,2016-05-07,573,496.1269926331768,504
WI_1,HOBBIES_1,2016-05-08,388,405.1323612048759,451
WI_1,HOBBIES_1,2016-05-09,266,347.0435277070186,359
WI_1,HOBBIES_1,2016-05-10,287,312.0616275077104,312
WI_1,HOBBIES_1,2016-05-11,308,351.2452643658489,292
WI_1,HOBBIES_1,2016-05-12,310,316.68457308481396,336
WI_1,HOBBIES_1,2016-05-13,457,369.58328816212685,383
WI_1,HOBBIES_1,2016-05-14,531,519.2421025397191,573
WI_1,HOBBIES_1,2016-05-15,473,419.3588976428922,388
WI_1,HOBBIES_1,2016-05-16,273,327.37512811698457,266
WI_1,HOBBIES_1,2016-05-17,260,341.94721748736583,287
WI_1,HOBBIES_1,2016-05-18,364,326.4510821484669,308
WI_1,HOBBIES_1,2016-05-19,308,337.06236244331853,310
WI_1,HOBBIES_1,2016-05-20,403,395.4278322004012,457
WI_1,HOBBIES_1,2016-05-21,502,496.8484060545459,531
WI_1,HOBBIES_1,2016-05-22,560,466.1142110485097,473
WI_1,HOBBIES_2,2016-04-25,26,27.416754107952233,11
WI_1,HOBBIES_2,2016-04-26,37,29.17845631961887,17
WI_1,HOBBIES_2,2016-04-27,30,30.054998586733802,13
WI_1,HOBBIES_2,2016-04-28,46,31.060929447353292,34
WI_1,HOBBIES_2,2016-04-29,42,34.85069699890159,26
WI_1,HOBBIES_2,2016-04-30,46,38.1808031812032,20
WI_1,HOBBIES_2,2016-05-01,48,35.79879615127956,49
WI_1,HOBBIES_2,2016-05-02,32,38.026784162276755,26
WI_1,HOBBIES_2,2016-05-03,62,37.750216103561,37
WI_1,HOBBIES_2,2016-05-04,35,41.70769492012673,30
WI_1,HOBBIES_2,2016-05-05,49,39.019641714883015,46
WI_1,HOBBIES_2,2016-05-06,40,42.913212451572484,42
WI_1,HOBBIES_2,2016-05-07,65,46.53458623888338,46
WI_1,HOBBIES_2,2016-05-08,47,42.96270689464859,48
WI_1,HOBBIES_2,2016-05-09,17,44.764760139518145,32
WI_1,HOBBIES_2,2016-05-10,38,41.70769492012673,62
WI_1,HOBBIES_2,2016-05-11,37,40.36893993999155,35
WI_1,HOBBIES_2,2016-05-12,33,40.79487470611919,49
WI_1,HOBBIES_2,2016-05-13,33,39.91482752074716,40
WI_1,HOBBIES_2,2016-05-14,33,43.536201308058054,65
WI_1,HOBBIES_2,2016-05-15,55,37.13735101620224,47
WI_1,HOBBIES_2,2016-05-16,25,35.25165513071366,17
WI_1,HOBBIES_2,2016-05-17,29,35.93419385545833,38
WI_1,HOBBIES_2,2016-05-18,9,35.401021838125544,37
WI_1,HOBBIES_2,2016-05-19,52,32.58778957247475,33
WI_1,HOBBIES_2,2016-05-20,35,35.80979088464199,33
WI_1,HOBBIES_2,2016-05-21,62,39.005229905825246,33
WI_1,HOBBIES_2,2016-05-22,40,41.24238765230741,55
WI_1,HOUSEHOLD_1,2016-04-25,427,523.3945699856,495
WI_1,HOUSEHOLD_1,2016-04-26,437,469.02511100869776,416
WI_1,HOUSEHOLD_1,2016-04-27,465,475.00494125605564,468
WI_1,HOUSEHOLD_1,2016-04-28,439,509.3304708496441,473
WI_1,HOUSEHOLD_1,2016-04-29,758,711.8189004337387,594
WI_1,HOUSEHOLD_1,2016-04-30,847,713.4056950782426,824
WI_1,HOUSEHOLD_1,2016-05-01,767,695.5485245848452,759
WI_1,HOUSEHOLD_1,2016-05-02,512,494.28115779494124,427
WI_1,HOUSEHOLD_1,2016-05-03,496,500.7940094392122,437
WI_1,HOUSEHOLD_1,2016-05-04,509,486.7101829773799,465
WI_1,HOUSEHOLD_1,2016-05-05,552,465.95995168323003,439
WI_1,HOUSEHOLD_1,2016-05-06,649,633.9340570421542,758
WI_1,HOUSEHOLD_1,2016-05-07,762,854.3237572149162,847
WI_1,HOUSEHOLD_1,2016-05-08,485,703.3384561204374,767
WI_1,HOUSEHOLD_1,2016-05-09,520,540.4699557562114,512
WI_1,HOUSEHOLD_1,2016-05-10,426,477.8201951120337,496
WI_1,HOUSEHOLD_1,2016-05-11,655,470.43462676793496,509
WI_1,HOUSEHOLD_1,2016-05-12,594,476.9299656268378,552
WI_1,HOUSEHOLD_1,2016-05-13,595,602.2942712945709,649
WI_1,HOUSEHOLD_1,2016-05-14,818,777.7003199331087,762
WI_1,HOUSEHOLD_1,2016-05-15,810,649.8293318950907,485
WI_1,HOUSEHOLD_1,2016-05-16,487,538.8483429253047,520
WI_1,HOUSEHOLD_1,2016-05-17,440,497.79617297753566,426
WI_1,HOUSEHOLD_1,2016-05-18,448,519.0239862832447,655
WI_1,HOUSEHOLD_1,2016-05-19,533,503.10908127046713,594
WI_1,HOUSEHOLD_1,2016-05-20,579,587.52665121256,595
WI_1,HOUSEHOLD_1,2016-05-21,793,797.8131052271893,818
WI_1,HOUSEHOLD_1,2016-05-22,752,767.6831663786356,810
WI_1,HOUSEHOLD_2,2016-04-25,136,169.58369732042303,143
WI_1,HOUSEHOLD_2,2016-04-26,150,145.40559999594979,131
WI_1,HOUSEHOLD_2,2016-04-27,138,156.86236342785682,158
WI_1,HOUSEHOLD_2,2016-04-28,130,162.4213358675183,169
WI_1,HOUSEHOLD_2,2016-04-29,178,182.45804096018188,192
WI_1,HOUSEHOLD_2,2016-04-30,245,211.25628764022858,203
WI_1,HOUSEHOLD_2,2016-05-01,201,202.85903474921417,224
WI_1,HOUSEHOLD_2,2016-05-02,139,149.39597701112916,136
WI_1,HOUSEHOLD_2,2016-05-03,156,147.99765336517672,150
WI_1,HOUSEHOLD_2,2016-05-04,138,147.82630921028573,138
WI_1,HOUSEHOLD_2,2016-05-05,179,150.03517615677544,130
WI_1,HOUSEHOLD_2,2016-05-06,181,186.15218557782353,178
WI_1,HOUSEHOLD_2,2016-05-07,245,227.61342177312534,245
WI_1,HOUSEHOLD_2,2016-05-08,168,190.8988550475212,201
WI_1,HOUSEHOLD_2,2016-05-09,183,152.36622645578166,139
WI_1,HOUSEHOLD_2,2016-05-10,124,170.50759323443938,156
WI_1,HOUSEHOLD_2,2016-05-11,177,149.56889546064735,138
WI_1,HOUSEHOLD_2,2016-05-12,164,164.0081697670421,179
WI_1,HOUSEHOLD_2,2016-05-13,154,190.7879355589052,181
WI_1,HOUSEHOLD_2,2016-05-14,233,219.93007529369703,245
WI_1,HOUSEHOLD_2,2016-05-15,235,198.29273674715236,168
WI_1,HOUSEHOLD_2,2016-05-16,140,166.487717387846,183
WI_1,HOUSEHOLD_2,2016-05-17,164,148.83601589122077,124
WI_1,HOUSEHOLD_2,2016-05-18,138,169.94029468570966,177
WI_1,HOUSEHOLD_2,2016-05-19,175,169.09610013025045,164
WI_1,HOUSEHOLD_2,2016-05-20,180,183.36517452472495,154
WI_1,HOUSEHOLD_2,2016-05-21,250,219.37699514428493,233
WI_1,HOUSEHOLD_2,2016-05-22,246,219.61930747407297,235
WI_2,FOODS_1,2016-04-25,301,299.10912604777906,301
WI_2,FOODS_1,2016-04-26,324,305.3953757811541,320
WI_2,FOODS_1,2016-04-27,270,297.4812082432643,335
WI_2,FOODS_1,2016-04-28,417,290.9728014276045,307
WI_2,FOODS_1,2016-04-29,576,378.1008499213914,400
WI_2,FOODS_1,2016-04-30,637,439.47745088493906,408
WI_2,FOODS_1,2016-05-01,608,406.98147202509256,347
WI_2,FOODS_1,2016-05-02,493,387.8101465533422,301
WI_2,FOODS_1,2016-05-03,598,413.6136298918091,324
WI_2,FOODS_1,2016-05-04,410,417.4540374180232,270
WI_2,FOODS_1,2016-05-05,458,364.666319057745,417
WI_2,FOODS_1,2016-05-06,529,522.7741175519991,576
WI_2,FOODS_1,2016-05-07,633,602.2342249012062,637
WI_2,FOODS_1,2016-05-08,523,499.1526771607285,608
WI_2,FOODS_1,2016-05-09,553,465.51802892930147,493
WI_2,FOODS_1,2016-05-10,452,495.7279588872019,598
WI_2,FOODS_1,2016-05-11,508,401.77768656103393,410
WI_2,FOODS_1,2016-05-12,434,417.6490185710217,458
WI_2,FOODS_1,2016-05-13,466,479.3825372516881,529
WI_2,FOODS_1,2016-05-14,578,588.7298265982024,633
WI_2,FOODS_1,2016-05-15,574,514.6787104849247,523
WI_2,FOODS_1,2016-05-16,454,417.3050924031519,553
WI_2,FOODS_1,2016-05-17,386,403.22299580134774,452
WI_2,FOODS_1,2016-05-18,394,397.9118769997388,508
WI_2,FOODS_1,2016-05-19,336,387.73252239464364,434
WI_2,FOODS_1,2016-05-20,433,434.79779276630893,466
WI_2,FOODS_1,2016-05-21,427,486.56792743504917,578
WI_2,FOODS_1,2016-05-22,398,441.04535012844906,574
WI_2,FOODS_2,2016-04-25,744,828.7242483133973,934
WI_2,FOODS_2,2016-04-26,843,803.7880832441499,928
WI_2,FOODS_2,2016-04-27,779,708.2257818069382,830
WI_2,FOODS_2,2016-04-28,724,770.1172772640857,851
WI_2,FOODS_2,2016-04-29,912,928.0517029979518,953
WI_2,FOODS_2,2016-04-30,886,1092.5853399208243,939
WI_2,FOODS_2,2016-05-01,940,1037.4102753340687,932
WI_2,FOODS_2,2016-05-02,1323,925.9968938036177,744
WI_2,FOODS_2,2016-05-03,1470,978.3325927272999,843
WI_2,FOODS_2,2016-05-04,1140,1060.2634934453497,779
WI_2,FOODS_2,2016-05-05,1434,999.6395382662258,724
WI_2,FOODS_2,2016-05-06,1340,1443.9379930634427,912
WI_2,FOODS_2,2016-05-07,1283,1575.7799269666893,886
WI_2,FOODS_2,2016-05-08,1317,1357.1750425762941,940
WI_2,FOODS_2,2016-05-09,1826,1365.650490249187,1323
WI_2,FOODS_2,2016-05-10,1191,1410.9364384959067,1470
WI_2,FOODS_2,2016-05-11,1723,1170.2920747516155,1140
WI_2,FOODS_2,2016-05-12,1547,1323.6410536724188,1434
WI_2,FOODS_2,2016-05-13,1154,1400.1813303946785,1340
WI_2,FOODS_2,2016-05-14,1934,1605.9710966345995,1283
WI_2,FOODS_2,2016-05-15,2011,1616.2006589798896,1317
WI_2,FOODS_2,2016-05-16,1203,1379.12180775167,1826
WI_2,FOODS_2,2016-05-17,1023,1276.1164992669733,1191
WI_2,FOODS_2,2016-05-18,924,1230.1668832619368,1723
WI_2,FOODS_2,2016-05-19,800,1160.68291591857,1547
WI_2,FOODS_2,2016-05-20,815,1095.6824821691798,1154
WI_2,FOODS_2,2016-05-21,850,1359.1474976033328,1934
WI_2,FOODS_2,2016-05-22,836,1259.400556355268,2011
WI_2,FOODS_3,2016-04-25,1888,1944.7013818577354,1971
WI_2,FOODS_3,2016-04-26,1801,1697.4785177831889,2034
WI_2,FOODS_3,2016-04-27,1643,1680.790335544583,1840
WI_2,FOODS_3,2016-04-28,1870,1670.1313531526755,1920
WI_2,FOODS_3,2016-04-29,2076,2085.912254173769,2066
WI_2,FOODS_3,2016-04-30,2122,2531.4251714972693,2404
WI_2,FOODS_3,2016-05-01,2205,2714.7541367359213,2380
WI_2,FOODS_3,2016-05-02,2370,2004.757347069566,1888
WI_2,FOODS_3,2016-05-03,2768,1999.3820605996095,1801
WI_2,FOODS_3,2016-05-04,2303,2135.945682960152,1643
WI_2,FOODS_3,2016-05-05,2742,1849.4991402689895,1870
WI_2,FOODS_3,2016-05-06,2903,2582.342092954372,2076
WI_2,FOODS_3,2016-05-07,2894,3002.251130247575,2122
WI_2,FOODS_3,2016-05-08,2827,2663.435191063299,2205
WI_2,FOODS_3,2016-05-09,3388,2609.190010262517,2370
WI_2,FOODS_3,2016-05-10,2279,2413.1822854420657,2768
WI_2,FOODS_3,2016-05-11,3103,2332.625539707596,2303
WI_2,FOODS_3,2016-05-12,2654,2383.868355722497,2742
WI_2,FOODS_3,2016-05-13,2236,2706.088281088398,2903
WI_2,FOODS_3,2016-05-14,3460,2894.034634783018,2894
WI_2,FOODS_3,2016-05-15,3593,2968.128204708428,2827
WI_2,FOODS_3,2016-05-16,2222,2472.9205544510437,3388
WI_2,FOODS_3,2016-05-17,2028,2334.2354065121763,2279
WI_2,FOODS_3,2016-05-18,1811,2044.4199136096183,3103
WI_2,FOODS_3,2016-05-19,2062,2085.941853409851,2654
WI_2,FOODS_3,2016-05-20,2090,2346.664070247308,2236
WI_2,FOODS_3,2016-05-21,2330,2866.3469391342173,3460
WI_2,FOODS_3,2016-05-22,2323,2951.6583565855394,3593
WI_2,HOBBIES_1,2016-04-25,233,253.09860339826824,252
WI_2,HOBBIES_1,2016-04-26,195,222.13733489555577,217
WI_2,HOBBIES_1,2016-04-27,246,216.21604606883918,250
WI_2,HOBBIES_1,2016-04-28,247,252.02049119486665,256
WI_2,HOBBIES_1,2016-04-29,336,282.1761708455869,266
WI_2,HOBBIES_1,2016-04-30,370,274.04274544900846,257
WI_2,HOBBIES_1,2016-05-01,275,255.5589888291253,197
WI_2,HOBBIES_1,2016-05-02,277,250.35782919014318,233
WI_2,HOBBIES_1,2016-05-03,298,238.76617302431063,195
WI_2,HOBBIES_1,2016-05-04,269,248.76354578131597,246
WI_2,HOBBIES_1,2016-05-05,223,238.97480089170625,247
WI_2,HOBBIES_1,2016-05-06,220,309.21428006099876,336
WI_2,HOBBIES_1,2016-05-07,233,363.85416105985547,370
WI_2,HOBBIES_1,2016-05-08,247,261.5021171552982,275
WI_2,HOBBIES_1,2016-05-09,266,234.23059321040333,277
WI_2,HOBBIES_1,2016-05-10,212,239.12609724605133,298
WI_2,HOBBIES_1,2016-05-11,312,210.40786543839866,269
WI_2,HOBBIES_1,2016-05-12,233,216.39580089769564,223
WI_2,HOBBIES_1,2016-05-13,248,257.3942916111609,220
WI_2,HOBBIES_1,2016-05-14,325,285.6696581210057,233
WI_2,HOBBIES_1,2016-05-15,249,281.77118212026807,247
WI_2,HOBBIES_1,2016-05-16,224,248.20726059661533,266
WI_2,HOBBIES_1,2016-05-17,238,227.34029836306448,212
WI_2,HOBBIES_1,2016-05-18,338,251.37761766782043,312
WI_2,HOBBIES_1,2016-05-19,249,243.19256837252865,233
WI_2,HOBBIES_1,2016-05-20,294,269.48451073131713,248
WI_2,HOBBIES_1,2016-05-21,296,312.98592365613644,325
WI_2,HOBBIES_1,2016-05-22,245,271.6025185388759,249
WI_2,HOBBIES_2,2016-04-25,28,32.59947957409484,45
WI_2,HOBBIES_2,2016-04-26,27,31.048699592242446,33
WI_2,HOBBIES_2,2016-04-27,38,30.054998586733802,26
WI_2,HOBBIES_2,2016-04-28,25,31.628695686734282,25
WI_2,HOBBIES_2,2016-04-29,22,33.260147984307686,37
WI_2,HOBBIES_2,2016-04-30,55,33.26070179821913,25
WI_2,HOBBIES_2,2016-05-01,31,31.69375951517439,38
WI_2,HOBBIES_2,2016-05-02,30,33.02541434022248,28
WI_2,HOBBIES_2,2016-05-03,23,32.74884628150673,27
WI_2,HOBBIES_2,2016-05-04,35,32.74884628150673,38
WI_2,HOBBIES_2,2016-05-05,83,29.366577247618228,25
WI_2,HOBBIES_2,2016-05-06,38,39.3816684011344,22
WI_2,HOBBIES_2,2016-05-07,26,43.81080260688016,55
WI_2,HOBBIES_2,2016-05-08,25,35.79879615127956,31
WI_2,HOBBIES_2,2016-05-09,15,34.82573326230599,30
WI_2,HOBBIES_2,2016-05-10,23,34.441927952385086,23
WI_2,HOBBIES_2,2016-05-11,31,34.867862718512725,35
WI_2,HOBBIES_2,2016-05-12,51,35.070041009963134,83
WI_2,HOBBIES_2,2016-05-13,51,31.828282357560553,38
WI_2,HOBBIES_2,2016-05-14,51,36.45558700549094,26
WI_2,HOBBIES_2,2016-05-15,45,36.54907084926345,25
WI_2,HOBBIES_2,2016-05-16,49,38.026784162276755,15
WI_2,HOBBIES_2,2016-05-17,35,39.40984605425115,23
WI_2,HOBBIES_2,2016-05-18,35,41.70769492012673,31
WI_2,HOBBIES_2,2016-05-19,35,41.70769492012673,51
WI_2,HOBBIES_2,2016-05-20,35,41.041298351824544,51
WI_2,HOBBIES_2,2016-05-21,28,42.15117265619001,51
WI_2,HOBBIES_2,2016-05-22,36,40.283293766567006,45
WI_2,HOUSEHOLD_1,2016-04-25,874,918.0268597395091,705
WI_2,HOUSEHOLD_1,2016-04-26,810,844.5739677819213,785
WI_2,HOUSEHOLD_1,2016-04-27,705,817.7401901225347,800
WI_2,HOUSEHOLD_1,2016-04-28,920,883.8162947345137,907
WI_2,HOUSEHOLD_1,2016-04-29,1635,1211.6803827022673,1106
WI_2,HOUSEHOLD_1,2016-04-30,1263,1257.1544727906185,1177
WI_2,HOUSEHOLD_1,2016-05-01,1133,1091.1080720323237,1056
WI_2,HOUSEHOLD_1,2016-05-02,981,932.8452597727166,874
WI_2,HOUSEHOLD_1,2016-05-03,1267,952.5203807267327,810
WI_2,HOUSEHOLD_1,2016-05-04,872,970.1950351014997,705
WI_2,HOUSEHOLD_1,2016-05-05,865,934.4805116110558,920
WI_2,HOUSEHOLD_1,2016-05-06,935,1114.979615123029,1635
WI_2,HOUSEHOLD_1,2016-05-07,1133,1260.5319680295333,1263
WI_2,HOUSEHOLD_1,2016-05-08,730,1043.2736355632128,1133
WI_2,HOUSEHOLD_1,2016-05-09,888,952.9204315362259,981
WI_2,HOUSEHOLD_1,2016-05-10,795,868.9140678188322,1267
WI_2,HOUSEHOLD_1,2016-05-11,989,795.7289646990687,872
WI_2,HOUSEHOLD_1,2016-05-12,809,784.9364641697459,865
WI_2,HOUSEHOLD_1,2016-05-13,1008,962.6627939102771,935
WI_2,HOUSEHOLD_1,2016-05-14,1172,1039.427992616537,1133
WI_2,HOUSEHOLD_1,2016-05-15,937,990.4840247206556,730
WI_2,HOUSEHOLD_1,2016-05-16,714,855.3168499577711,888
WI_2,HOUSEHOLD_1,2016-05-17,780,793.3727224589805,795
WI_2,HOUSEHOLD_1,2016-05-18,874,837.2038401876974,989
WI_2,HOUSEHOLD_1,2016-05-19,948,854.9826600039621,809
WI_2,HOUSEHOLD_1,2016-05-20,1039,1011.1351355493922,1008
WI_2,HOUSEHOLD_1,2016-05-21,1090,1127.4009789912961,1172
WI_2,HOUSEHOLD_1,2016-05-22,1034,1032.5172131318452,937
WI_2,HOUSEHOLD_2,2016-04-25,110,131.7884429680038,139
WI_2,HOUSEHOLD_2,2016-04-26,148,139.16227222007467,147
WI_2,HOUSEHOLD_2,2016-04-27,124,119.05629007218964,113
WI_2,HOUSEHOLD_2,2016-04-28,139,127.23417021289002,127
WI_2,HOUSEHOLD_2,2016-04-29,162,171.06930394970115,160
WI_2,HOUSEHOLD_2,2016-04-30,152,189.65720400524657,194
WI_2,HOUSEHOLD_2,2016-05-01,156,165.36530665683426,177
WI_2,HOUSEHOLD_2,2016-05-02,123,127.5406352278261,110
WI_2,HOUSEHOLD_2,2016-05-03,143,136.101585110303,148
WI_2,HOUSEHOLD_2,2016-05-04,146,134.08394164571567,124
WI_2,HOUSEHOLD_2,2016-05-05,140,143.33317465867097,139
WI_2,HOUSEHOLD_2,2016-05-06,138,154.80914458974223,162
WI_2,HOUSEHOLD_2,2016-05-07,183,184.3266936160791,152
WI_2,HOUSEHOLD_2,2016-05-08,133,163.09806617225632,156
WI_2,HOUSEHOLD_2,2016-05-09,144,132.6253913493704,123
WI_2,HOUSEHOLD_2,2016-05-10,127,134.28199104924462,143
WI_2,HOUSEHOLD_2,2016-05-11,141,133.9735937521077,146
WI_2,HOUSEHOLD_2,2016-05-12,115,131.2015919333399,140
WI_2,HOUSEHOLD_2,2016-05-13,154,141.148658774267,138
WI_2,HOUSEHOLD_2,2016-05-14,184,168.57630765403198,183
WI_2,HOUSEHOLD_2,2016-05-15,177,149.543481630697,133
WI_2,HOUSEHOLD_2,2016-05-16,145,140.45601173636408,144
WI_2,HOUSEHOLD_2,2016-05-17,138,136.8575484181861,127
WI_2,HOUSEHOLD_2,2016-05-18,157,135.21846226729156,141
WI_2,HOUSEHOLD_2,2016-05-19,198,132.66920352356036,115
WI_2,HOUSEHOLD_2,2016-05-20,174,169.6877290099154,154
WI_2,HOUSEHOLD_2,2016-05-21,192,199.6885332226732,184
WI_2,HOUSEHOLD_2,2016-05-22,196,188.31966891483364,177
WI_3,FOODS_1,2016-04-25,227,200.51072182216842,177
WI_3,FOODS_1,2016-04-26,290,234.26421207333027,206
WI_3,FOODS_1,2016-04-27,213,228.06806117086145,180
WI_3,FOODS_1,2016-04-28,262,231.81170603742308,227
WI_3,FOODS_1,2016-04-29,361,273.0948041945111,261
WI_3,FOODS_1,2016-04-30,359,330.154436948266,324
WI_3,FOODS_1,2016-05-01,387,294.0495208607184,317
WI_3,FOODS_1,2016-05-02,304,251.92909866088948,227
WI_3,FOODS_1,2016-05-03,422,279.5498544059331,290
WI_3,FOODS_1,2016-05-04,407,283.1081935732806,213
WI_3,FOODS_1,2016-05-05,367,281.4723462628426,262
WI_3,FOODS_1,2016-05-06,336,337.72726841764904,361
WI_3,FOODS_1,2016-05-07,450,401.41923844225494,359
WI_3,FOODS_1,2016-05-08,367,332.7006247149168,387
WI_3,FOODS_1,2016-05-09,325,318.74234277521674,304
WI_3,FOODS_1,2016-05-10,302,319.74738756938376,422
WI_3,FOODS_1,2016-05-11,308,306.23304614154335,407
WI_3,FOODS_1,2016-05-12,350,295.47194765229074,367
WI_3,FOODS_1,2016-05-13,336,323.0241005231061,336
WI_3,FOODS_1,2016-05-14,423,374.52431154625305,450
WI_3,FOODS_1,2016-05-15,386,325.23969486277673,367
WI_3,FOODS_1,2016-05-16,271,291.9845903749436,325
WI_3,FOODS_1,2016-05-17,279,292.62104074292967,302
WI_3,FOODS_1,2016-05-18,264,281.7110809411888,308
WI_3,FOODS_1,2016-05-19,338,290.3812676809329,350
WI_3,FOODS_1,2016-05-20,285,315.6993818933869,336
WI_3,FOODS_1,2016-05-21,315,382.57971076320365,423
WI_3,FOODS_1,2016-05-22,278,344.8888969568795,386
WI_3,FOODS_2,2016-04-25,446,436.7548653013054,444
WI_3,FOODS_2,2016-04-26,403,433.90220131766125,456
WI_3,FOODS_2,2016-04-27,340,405.6469097041296,473
WI_3,FOODS_2,2016-04-28,412,387.0587469571583,411
WI_3,FOODS_2,2016-04-29,400,483.5251831391775,507
WI_3,FOODS_2,2016-04-30,557,584.1421236678569,505
WI_3,FOODS_2,2016-05-01,604,614.4077383381052,557
WI_3,FOODS_2,2016-05-02,694,506.3939278644764,446
WI_3,FOODS_2,2016-05-03,692,570.9441392466987,403
WI_3,FOODS_2,2016-05-04,647,600.0866585459125,340
WI_3,FOODS_2,2016-05-05,673,467.201996950523,412
WI_3,FOODS_2,2016-05-06,546,625.8020871534479,400
WI_3,FOODS_2,2016-05-07,701,790.7734471032394,557
WI_3,FOODS_2,2016-05-08,645,711.9294637820807,604
WI_3,FOODS_2,2016-05-09,803,667.1540542264121,694
WI_3,FOODS_2,2016-05-10,555,695.5664061795213,692
WI_3,FOODS_2,2016-05-11,697,540.8634794101459,647
WI_3,FOODS_2,2016-05-12,647,588.0110649570908,673
WI_3,FOODS_2,2016-05-13,595,632.985601357561,546
WI_3,FOODS_2,2016-05-14,912,735.3424580574392,701
WI_3,FOODS_2,2016-05-15,946,751.7997699813978,645
WI_3,FOODS_2,2016-05-16,712,608.8781092001602,803
WI_3,FOODS_2,2016-05-17,477,599.2267061448607,555
WI_3,FOODS_2,2016-05-18,459,600.1578496132341,697
WI_3,FOODS_2,2016-05-19,431,531.9939764244112,647
WI_3,FOODS_2,2016-05-20,567,576.5894095924924,595
WI_3,FOODS_2,2016-05-21,599,634.455035721962,912
WI_3,FOODS_2,2016-05-22,574,656.6794008330121,946
WI_3,FOODS_3,2016-04-25,1690,1733.864804626276,1991
WI_3,FOODS_3,2016-04-26,1544,1641.6881732725165,1715
WI_3,FOODS_3,2016-04-27,1516,1611.755272024816,1579
WI_3,FOODS_3,2016-04-28,1476,1548.5982581687672,1670
WI_3,FOODS_3,2016-04-29,1699,1855.4725558375942,1897
WI_3,FOODS_3,2016-04-30,2299,2085.8353053115693,2411
WI_3,FOODS_3,2016-05-01,2149,2367.5390900855828,2233
WI_3,FOODS_3,2016-05-02,2227,1644.396871360634,1690
WI_3,FOODS_3,2016-05-03,2245,1764.990603374808,1544
WI_3,FOODS_3,2016-05-04,1752,1762.39353573535,1516
WI_3,FOODS_3,2016-05-05,2006,1595.2008206043574,1476
WI_3,FOODS_3,2016-05-06,2239,2044.8747183907703,1699
WI_3,FOODS_3,2016-05-07,2856,2710.524045994876,2299
WI_3,FOODS_3,2016-05-08,2384,2729.1673976447146,2149
WI_3,FOODS_3,2016-05-09,2276,2170.4907507959388,2227
WI_3,FOODS_3,2016-05-10,1892,2047.7679133556444,2245
WI_3,FOODS_3,2016-05-11,2031,1831.8234339920605,1752
WI_3,FOODS_3,2016-05-12,2133,1932.2585077485737,2006
WI_3,FOODS_3,2016-05-13,2061,2330.1212191689683,2239
WI_3,FOODS_3,2016-05-14,2815,2680.017747472595,2856
WI_3,FOODS_3,2016-05-15,3162,2665.3247181589677,2384
WI_3,FOODS_3,2016-05-16,1952,2161.542657600551,2276
WI_3,FOODS_3,2016-05-17,1602,1899.119162682089,1892
WI_3,FOODS_3,2016-05-18,1594,1779.9375715027772,2031
WI_3,FOODS_3,2016-05-19,1627,1810.000295602657,2133
WI_3,FOODS_3,2016-05-20,2011,2090.3454141407965,2061
WI_3,FOODS_3,2016-05-21,2360,2585.490626812869,2815
WI_3,FOODS_3,2016-05-22,2632,2579.210687172035,3162
WI_3,HOBBIES_1,2016-04-25,196,201.02668864094235,149
WI_3,HOBBIES_1,2016-04-26,218,216.18692681343472,249
WI_3,HOBBIES_1,2016-04-27,222,201.23785042487057,202
WI_3,HOBBIES_1,2016-04-28,180,224.45810532761718,182
WI_3,HOBBIES_1,2016-04-29,241,278.4597991786735,264
WI_3,HOBBIES_1,2016-04-30,283,300.3451321832225,381
WI_3,HOBBIES_1,2016-05-01,345,235.086317858137,230
WI_3,HOBBIES_1,2016-05-02,241,224.23982381343907,196
WI_3,HOBBIES_1,2016-05-03,218,215.66664742079612,218
WI_3,HOBBIES_1,2016-05-04,244,210.43446803467518,222
WI_3,HOBBIES_1,2016-05-05,229,192.19093935642346,180
WI_3,HOBBIES_1,2016-05-06,218,262.86248627216196,241
WI_3,HOBBIES_1,2016-05-07,484,322.17885325850364,283
WI_3,HOBBIES_1,2016-05-08,250,279.51746759871406,345
WI_3,HOBBIES_1,2016-05-09,241,238.5578855696921,241
WI_3,HOBBIES_1,2016-05-10,162,242.26080170012958,218
WI_3,HOBBIES_1,2016-05-11,227,237.6768312143278,244
WI_3,HOBBIES_1,2016-05-12,210,235.64460635712325,229
WI_3,HOBBIES_1,2016-05-13,202,263.6233847997158,218
WI_3,HOBBIES_1,2016-05-14,345,357.8075335540505,484
WI_3,HOBBIES_1,2016-05-15,294,249.26642307846518,250
WI_3,HOBBIES_1,2016-05-16,187,209.6253589080412,241
WI_3,HOBBIES_1,2016-05-17,174,216.19278980935425,162
WI_3,HOBBIES_1,2016-05-18,287,214.99062369454876,227
WI_3,HOBBIES_1,2016-05-19,220,208.03639302495074,210
WI_3,HOBBIES_1,2016-05-20,242,248.252019505426,202
WI_3,HOBBIES_1,2016-05-21,273,334.3201995196803,345
WI_3,HOBBIES_1,2016-05-22,305,268.7883555590533,294
WI_3,HOBBIES_2,2016-04-25,33,30.899332884830564,25
WI_3,HOBBIES_2,2016-04-26,40,30.622764826114807,27
WI_3,HOBBIES_2,2016-04-27,50,31.628695686734282,42
WI_3,HOBBIES_2,2016-04-28,30,32.74884628150673,21
WI_3,HOBBIES_2,2016-04-29,35,34.85069699890159,32
WI_3,HOBBIES_2,2016-04-30,37,38.073565929998054,32
WI_3,HOBBIES_2,2016-05-01,33,32.490508000103645,21
WI_3,HOBBIES_2,2016-05-02,26,34.82573326230599,33
WI_3,HOBBIES_2,2016-05-03,44,34.975099969717874,40
WI_3,HOBBIES_2,2016-05-04,49,34.975099969717874,50
WI_3,HOBBIES_2,2016-05-05,44,32.28704676447416,30
WI_3,HOBBIES_2,2016-05-06,45,39.3816684011344,35
WI_3,HOBBIES_2,2016-05-07,60,42.15117265619001,37
WI_3,HOBBIES_2,2016-05-08,22,38.41751998771011,33
WI_3,HOBBIES_2,2016-05-09,23,39.26047934683926,26
WI_3,HOBBIES_2,2016-05-10,29,38.17615086968864,44
WI_3,HOBBIES_2,2016-05-11,32,37.750216103561,49
WI_3,HOBBIES_2,2016-05-12,40,35.40103473584551,44
WI_3,HOBBIES_2,2016-05-13,21,36.60655226729127,45
WI_3,HOBBIES_2,2016-05-14,37,37.57573760026338,60
WI_3,HOBBIES_2,2016-05-15,38,33.15584248912081,22
WI_3,HOBBIES_2,2016-05-16,11,31.479328979322403,23
WI_3,HOBBIES_2,2016-05-17,45,30.622764826114807,29
WI_3,HOBBIES_2,2016-05-18,45,33.17478104763437,32
WI_3,HOBBIES_2,2016-05-19,46,33.64517946745583,40
WI_3,HOBBIES_2,2016-05-20,27,35.64744548383084,21
WI_3,HOBBIES_2,2016-05-21,31,38.8428845050141,37
WI_3,HOBBIES_2,2016-05-22,37,36.54907084926345,38
WI_3,HOUSEHOLD_1,2016-04-25,543,599.8997745700916,609
WI_3,HOUSEHOLD_1,2016-04-26,573,554.7474779457024,558
WI_3,HOUSEHOLD_1,2016-04-27,502,543.6636095788376,535
WI_3,HOUSEHOLD_1,2016-04-28,426,567.641858930463,573
WI_3,HOUSEHOLD_1,2016-04-29,770,795.7572768655874,701
WI_3,HOUSEHOLD_1,2016-04-30,851,740.096982391293,801
WI_3,HOUSEHOLD_1,2016-05-01,855,723.4081607890859,766
WI_3,HOUSEHOLD_1,2016-05-02,618,601.8353090443729,543
WI_3,HOUSEHOLD_1,2016-05-03,715,584.2940081188319,573
WI_3,HOUSEHOLD_1,2016-05-04,548,586.2223807903493,502
WI_3,HOUSEHOLD_1,2016-05-05,580,589.9643853768176,426
WI_3,HOUSEHOLD_1,2016-05-06,600,705.5884236814379,770
WI_3,HOUSEHOLD_1,2016-05-07,866,852.2447601532494,851
WI_3,HOUSEHOLD_1,2016-05-08,570,757.9513107036906,855
WI_3,HOUSEHOLD_1,2016-05-09,669,605.4492136872975,618
WI_3,HOUSEHOLD_1,2016-05-10,460,560.8868200074961,715
WI_3,HOUSEHOLD_1,2016-05-11,566,480.679889156028,548
WI_3,HOUSEHOLD_1,2016-05-12,488,518.1341482469003,580
WI_3,HOUSEHOLD_1,2016-05-13,608,622.3120148451798,600
WI_3,HOUSEHOLD_1,2016-05-14,937,800.9519783088293,866
WI_3,HOUSEHOLD_1,2016-05-15,874,761.9252758121291,570
WI_3,HOUSEHOLD_1,2016-05-16,626,631.1136281418412,669
WI_3,HOUSEHOLD_1,2016-05-17,597,565.0141160833449,460
WI_3,HOUSEHOLD_1,2016-05-18,486,567.1856216338557,566
WI_3,HOUSEHOLD_1,2016-05-19,595,567.3008189120861,488
WI_3,HOUSEHOLD_1,2016-05-20,764,671.4508682302192,608
WI_3,HOUSEHOLD_1,2016-05-21,723,871.5028608452277,937
WI_3,HOUSEHOLD_1,2016-05-22,723,828.6916332561647,874
WI_3,HOUSEHOLD_2,2016-04-25,128,161.91948220618033,161
WI_3,HOUSEHOLD_2,2016-04-26,132,143.41942378426424,120
WI_3,HOUSEHOLD_2,2016-04-27,119,145.48166190411348,148
WI_3,HOUSEHOLD_2,2016-04-28,84,143.53995295901356,142
WI_3,HOUSEHOLD_2,2016-04-29,186,179.1073749556428,166
WI_3,HOUSEHOLD_2,2016-04-30,219,198.19412635461822,232
WI_3,HOUSEHOLD_2,2016-05-01,201,180.10591627908133,201
WI_3,HOUSEHOLD_2,2016-05-02,136,140.50615619002198,128
WI_3,HOUSEHOLD_2,2016-05-03,176,132.0725375911009,132
WI_3,HOUSEHOLD_2,2016-05-04,160,136.30623256526016,119
WI_3,HOUSEHOLD_2,2016-05-05,159,130.6595870488354,84
WI_3,HOUSEHOLD_2,2016-05-06,165,180.20476741177592,186
WI_3,HOUSEHOLD_2,2016-05-07,218,210.21561389244613,219
WI_3,HOUSEHOLD_2,2016-05-08,165,193.61559295661706,201
WI_3,HOUSEHOLD_2,2016-05-09,137,152.84247027732576,136
WI_3,HOUSEHOLD_2,2016-05-10,122,152.31172490431436,176
WI_3,HOUSEHOLD_2,2016-05-11,127,144.33258010189616,160
WI_3,HOUSEHOLD_2,2016-05-12,121,142.42835549563645,159
WI_3,HOUSEHOLD_2,2016-05-13,164,168.48786972772191,165
WI_3,HOUSEHOLD_2,2016-05-14,205,191.72818061760879,218
WI_3,HOUSEHOLD_2,2016-05-15,194,184.45755898786902,165
WI_3,HOUSEHOLD_2,2016-05-16,138,150.6747057738308,137
WI_3,HOUSEHOLD_2,2016-05-17,132,131.8669260275691,122
WI_3,HOUSEHOLD_2,2016-05-18,133,139.21241667373258,127
WI_3,HOUSEHOLD_2,2016-05-19,141,139.00680511020076,121
WI_3,HOUSEHOLD_2,2016-05-20,230,165.19918278209994,164
WI_3,HOUSEHOLD_2,2016-05-21,218,212.8997099823495,205
WI_3,HOUSEHOLD_2,2016-05-22,208,196.44997698548022,194
